[
    {"name" : "Aesa"},
    {"name" : "Agua Dulce"},  
    {"name" : "Alameda"},  
    {"name" : "Alma Rosa II"},  
    {"name" : "Alpes I"},  
    {"name" : "Altos de Arroyo Hondo I"},  
    {"name" : "Altos de Arroyo Hondo II"},  
    {"name" : "Altos de Arroyo Hondo III"},  
    {"name" : "Altos de Cancino"},  
    {"name" : "Altos de Chavon"},  
    {"name" : "Altos de Sabana Perdida"},  
    {"name" : "Altos Del Oeste"},  
    {"name" : "Altos Del Parque"},  
    {"name" : "Amarilis III"},  
    {"name" : "Ana Virginia"},  
    {"name" : "Antillas"},  
    {"name" : "Arboleda"},  
    {"name" : "Arismar"},  
    {"name" : "Arroyo Manzano"},  
    {"name" : "Atala"},  
    {"name" : "Atlantida"},  
    {"name" : "Barrio Kennedy"},  
    {"name" : "Barrio Antillano"},  
    {"name" : "Barrio Arenoso"},  
    {"name" : "Barrio Brisa de Charles"},  
    {"name" : "Barrio Chavon"},  
    {"name" : "Barrio Enriquillo"},  
    {"name" : "Barrio Gran Poder de Dios"},  
    {"name" : "Barrio Hermanas Mirabal"},  
    {"name" : "Barrio Holguin"},  
    {"name" : "Barrio Invi"},  
    {"name" : "Barrio Josue"},  
    {"name" : "Barrio La Esperanza"},  
    {"name" : "Barrio La Fe"},  
    {"name" : "Barrio La Piña"},  
    {"name" : "Barrio La Torre"},  
    {"name" : "Barrio La Union"},  
    {"name" : "Barriolandia"},  
    {"name" : "Barrio Las Mercedes"},  
    {"name" : "Barrio Libertador"},  
    {"name" : "Barrio Norte"},  
    {"name" : "Barrio Nuevo"},  
    {"name" : "Barrio Nuevo"},  
    {"name" : "Barrio Nuevo"},  
    {"name" : "Barrio Obrero"},  
    {"name" : "Barrio Paraiso"},  
    {"name" : "Barrio Paraiso"},  
    {"name" : "Barrio Paraiso"},  
    {"name" : "Barrio Progreso"},  
    {"name" : "Batey Bienvenido"},  
    {"name" : "Batey La Balsa"},  
    {"name" : "Batey Palmarejo"},  
    {"name" : "Batey Piragua"},  
    {"name" : "Bayona"},  
    {"name" : "Bella Colina"},  
    {"name" : "Bella Vista"},  
    {"name" : "Bella Vista"},  
    {"name" : "Bello Campo"},  
    {"name" : "Borojol"},  
    {"name" : "Brisa Del Eden"},  
    {"name" : "Buenaventura II"},  
    {"name" : "Buenavista"},  
    {"name" : "Buenas Noches"},  
    {"name" : "Buenos Aires Del"},  
    {"name" : "Cabirma Del Este I"},  
    {"name" : "Cabirma Del Este II"},  
    {"name" : "Cachiman"},  
    {"name" : "Calero"},  
    {"name" : "Campechito II"},  
    {"name" : "Cancino"},  
    {"name" : "Cancino Adentro"},  
    {"name" : "Cancino I"},  
    {"name" : "Cancino II"},  
    {"name" : "Capotillo"},  
    {"name" : "Carlos Alvarez"},  
    {"name" : "Carmelita"},  
    {"name" : "Carmen Amelia"},  
    {"name" : "Carolina"},  
    {"name" : "Castellana"},  
    {"name" : "Centro de Los Heroes"},  
    {"name" : "Centro Olimpico"},  
    {"name" : "Cerros de Arroyo"},  
    {"name" : "Cerros de Arroyo Hondo III"},  
    {"name" : "Cerros de Buena Vista I"},  
    {"name" : "Cerros de Buena Vista II"},  
    {"name" : "Cerros de la Yuca"},  
    {"name" : "Cerros de Palmarejo"},  
    {"name" : "Cerros de Sabana Perdida"},  
    {"name" : "Cerros Del Ozama"},  
    {"name" : "Ceuta"},  
    {"name" : "Ciudad Agraria"},  
    {"name" : "Ciudad Codiana"},  
    {"name" : "Ciudad de Los Trabajadores"},  
    {"name" : "Ciudad Del Almirante I"},  
    {"name" : "Ciudad Del Almirante II"},  
    {"name" : "Ciudad Ganadera"},  
    {"name" : "Ciudad Moderna"},  
    {"name" : "Ciudad Nueva"},  
    {"name" : "Ciudad Universitaria"},  
    {"name" : "Colinas de Arroyo Hondo"},  
    {"name" : "Colinas de Canaan"},  
    {"name" : "Colinas Del Este"},  
    {"name" : "Colinas Del Norte"},  
    {"name" : "Colinas Del Ozama"},  
    {"name" : "Colinas Del Seminario"},  
    {"name" : "Colonia de Los Doctores"},  
    {"name" : "Constelacion"},  
    {"name" : "Corales Del Sur"},  
    {"name" : "Costa Azul"},  
    {"name" : "Costa Brava"},  
    {"name" : "Costa Caribe"},  
    {"name" : "Costa Verde"},  
    {"name" : "Cristo Rey"},  
    {"name" : "Cruz Grande"},  
    {"name" : "Cuesta Brava"},  
    {"name" : "Cuesta Hermosa"},  
    {"name" : "Cuesta Hermosa III"},  
    {"name" : "Domingo Savio"},  
    {"name" : "Dominicanos Ausentes"},  
    {"name" : "Don Bosco"},  
    {"name" : "Don Bosco"},  
    {"name" : "Don Honorio"},  
    {"name" : "Duarte"},  
    {"name" : "Duarte"},  
    {"name" : "El Abanico de Herrera"},  
    {"name" : "El Brisal"},  
    {"name" : "El Cachon"},  
    {"name" : "El Cachon de la Rubia"},  
    {"name" : "El Cacique"},  
    {"name" : "El Cafe"},  
    {"name" : "El Caliche"},  
    {"name" : "El Caliche"},  
    {"name" : "El Catorce"},  
    {"name" : "El "},  
    {"name" : "El Chucho"},  
    {"name" : "El Condado"},  
    {"name" : "El Eden"},  
    {"name" : "El Embajador"},  
    {"name" : "El Ensanchito"},  
    {"name" : "El Fundo"},  
    {"name" : "El Majagual"},  
    {"name" : "El Mamey"},  
    {"name" : "El Manguito"},  
    {"name" : "El Millon"},  
    {"name" : "El Milloncito"},  
    {"name" : "El Palmar"},  
    {"name" : "El Pedregal"},  
    {"name" : "El Pino"},  
    {"name" : "El Portal"},  
    {"name" : "El Rosal"},  
    {"name" : "El Tamarindo"},  
    {"name" : "El Tamarindo"},  
    {"name" : "El Torito"},  
    {"name" : "El Vergel"},  
    {"name" : "Encarnacion"},  
    {"name" : "Engombe"},  
    {"name" : "Enriquillo"},  
    {"name" : "Ens. Alma Rosa"},  
    {"name" : "Ens. Ivan Guzman Klan"},  
    {"name" : "Ens. Kennedy"},  
    {"name" : "Ens. La Fe"},  
    {"name" : "Ens. Paraiso"},  
    {"name" : "Ens. Altagracia"},  
    {"name" : "Ens. Cristal"},  
    {"name" : "Ens. Espaillat"},  
    {"name" : "Ensanche Independencia"},  
    {"name" : "Ens. La Paz"},  
    {"name" : "Ens. Lugo"},  
    {"name" : "Ens. Luperon"},  
    {"name" : "Ens. Luperon"},  
    {"name" : "Ens. Ozama"},  
    {"name" : "Ens. Paraiso"},  
    {"name" : "Ens. Quisqueya"},  
    {"name" : "Ens. Quisqueya"},  
    {"name" : "Esperilla"},  
    {"name" : "Esperilla"},  
    {"name" : "Estela Marina"},  
    {"name" : "Eugenio M. de Hostos"},  
    {"name" : "Evaristo Morales"},  
    {"name" : "Faro A Colon"},  
    {"name" : "Felicidad"},  
    {"name" : "Francisco Del"},  
    {"name" : "Franconia"},  
    {"name" : "Fundacion"},  
    {"name" : "Gacela"},  
    {"name" : "Galaxia"},  
    {"name" : "Gazcue"},  
    {"name" : "Gazcue"},  
    {"name" : "Guachupita"},  
    {"name" : "Gualey"},  
    {"name" : "Guaricanos"},  
    {"name" : "Hainamosa"},  
    {"name" : "Hamarap"},  
    {"name" : "Haras Nacionales"},  
    {"name" : "Hato Nuevo"},  
    {"name" : "Herrera"},  
    {"name" : "Honduras"},  
    {"name" : "Invi"},  
    {"name" : "Invi Cea"},  
    {"name" : "Invimosa"},  
    {"name" : "Invivienda"},  
    {"name" : "Isabel"},  
    {"name" : "Isabel Villas"},  
    {"name" : "Invfapol"},  
    {"name" : "Ivette"},  
    {"name" : "Jacagua"},  
    {"name" : "Jardines de Alma Rosa"},  
    {"name" : "Jardines de Genovena"},  
    {"name" : "Jardines Del Sur"},  
    {"name" : "Juan Pablo Duarte"},  
    {"name" : "Julieta Morales"},  
    {"name" : "Katanga"},  
    {"name" : "Km. "},  
    {"name" : "Km. "},  
    {"name" : "La Agustina"},  
    {"name" : "La Agustinita"},  
    {"name" : "La Aldaba"},  
    {"name" : "La Antena"},  
    {"name" : "La Barquita"},  
    {"name" : "La Caridad"},  
    {"name" : "La Ceiba"},  
    {"name" : "La Cementera"},  
    {"name" : "La Cienaga"},  
    {"name" : "La Cienaga"},  
    {"name" : "La Compuerta"},  
    {"name" : "La Concordia"},  
    {"name" : "La Cuarenta"},  
    {"name" : "La Esperanza"},  
    {"name" : "La Esperanza"},  
    {"name" : "La Fe"},  
    {"name" : "La Fe"},  
    {"name" : "La Francia"},  
    {"name" : "La Fuente"},  
    {"name" : "La Isabela"},  
    {"name" : "La Isabela"},  
    {"name" : "La Javilla"},  
    {"name" : "La Julia"},  
    {"name" : "La Meseta"},  
    {"name" : "La Milagrosa"},  
    {"name" : "La Mina"},  
    {"name" : "La Piita"},  
    {"name" : "La Placeta"},  
    {"name" : "La Primavera"},  
    {"name" : "La Puya"},  
    {"name" : "La Redencion"},  
    {"name" : "La Rosa"},  
    {"name" : "La Venta"},  
    {"name" : "La Yuca"},  
    {"name" : "La Yuca"},  
    {"name" : "La Zurza"},  
    {"name" : "Lanina Gautier"},  
    {"name" : "Las Acacias"},  
    {"name" : "Las Americas"},  
    {"name" : "Las Caobas"},  
    {"name" : "Las Capbotas"},  
    {"name" : "Las Colinas"},  
    {"name" : "Las Crorias"},  
    {"name" : "Las Enfermeras"},  
    {"name" : "Las Flores"},  
    {"name" : "Las Frutas"},  
    {"name" : "Las Palmas"},  
    {"name" : "Las Palmas"},  
    {"name" : "Las Palmeras"},  
    {"name" : "Las Villas"},  
    {"name" : "Lebron"},  
    {"name" : "Libertad"},  
    {"name" : "Lomas de Arroyo Hondo"},  
    {"name" : "Lope de Vega"},  
    {"name" : "Los  Brazos"},  
    {"name" : "Los Alcarrizos"},  
    {"name" : "Los Americanos"},  
    {"name" : "Los Angeles"},  
    {"name" : "Los Arrecifes"},  
    {"name" : "Los Arroyos"},  
    {"name" : "Los Cacicazgos"},  
    {"name" : "Los Caminos"},  
    {"name" : "Los Casabes"},  
    {"name" : "Los Conucos"},  
    {"name" : "Los Coordinadores"},  
    {"name" : "Los Frailes"},  
    {"name" : "Los Frailes II"},  
    {"name" : "Los Girasoles"},  
    {"name" : "Los Guandules"},  
    {"name" : "Los Guayabos"},  
    {"name" : "Los Jardines Del Norte"},  
    {"name" : "Los Libertadores"},  
    {"name" : "Los Maestros"},  
    {"name" : "Los Millones"},  
    {"name" : "Los Millones"},  
    {"name" : "Los Millones"},  
    {"name" : "Los Millones"},  
    {"name" : "Los Millones"},  
    {"name" : "Los Mina Norte"},  
    {"name" : "Los Mina Sur"},  
    {"name" : "Los Mina Viejo"},  
    {"name" : "Los Molinos"},  
    {"name" : "Los Molinos"},  
    {"name" : "Los Palmares"},  
    {"name" : "Los Peralejos"},  
    {"name" : "Los Pinos"},  
    {"name" : "Los Pinos"},  
    {"name" : "Los Pinos"},  
    {"name" : "Los Praditos"},  
    {"name" : "Los Prados"},  
    {"name" : "Los Prados"},  
    {"name" : "Los Proceres"},  
    {"name" : "Los Restauradores"},  
    {"name" : "Los Restauradores"},  
    {"name" : "Los Rios"},  
    {"name" : "Los Robles"},  
    {"name" : "Los Rosales"},  
    {"name" : "Los Tres Ojos"},  
    {"name" : "Los Trinitarios"},  
    {"name" : "Los Trinitarios II"},  
    {"name" : "Loteria"},  
    {"name" : "Loteria"},  
    {"name" : "Loteria"},  
    {"name" : "Lotes Y Servicios"},  
    {"name" : "Lotificacion Del Este"},  
    {"name" : "Lotificacion Engombe"},  
    {"name" : "Lotificacion Vista Verde"},  
    {"name" : "Lucerna"},  
    {"name" : "Luz Consuelo"},  
    {"name" : "Luz Divina"},  
    {"name" : "Mandinga"},  
    {"name" : "Manganagua"},  
    {"name" : "Manoguayabo"},  
    {"name" : "Manresa"},  
    {"name" : "Manzano"},  
    {"name" : "Maquiteria"},  
    {"name" : "Mar Azul"},  
    {"name" : "Maraon"},  
    {"name" : "Maraon II"},  
    {"name" : "Marbella III"},  
    {"name" : "Maria Auxiliadora"},  
    {"name" : "Maria Auxiliadora"},  
    {"name" : "Maria Isabela"},  
    {"name" : "Mata Hambre"},  
    {"name" : "Mata Los Indios"},  
    {"name" : "Mejoramiento Social"},  
    {"name" : "Mejoramiento Social"},  
    {"name" : "Mendoza"},  
    {"name" : "Mi Hogar"},  
    {"name" : "Mi Sueo"},  
    {"name" : "Mil Flores"},  
    {"name" : "Mirador"},  
    {"name" : "Mirador Este"},  
    {"name" : "Mirador Norte"},  
    {"name" : "Mirador Sur"},  
    {"name" : "Miraflores"},  
    {"name" : "Miramar"},  
    {"name" : "Modelo"},  
    {"name" : "Molinuevo"},  
    {"name" : "Naco"},  
    {"name" : "Naco"},  
    {"name" : "Naco"},  
    {"name" : "Naco"},  
    {"name" : "Narcisa"},  
    {"name" : "Nordesa III"},  
    {"name" : "Nueva Isabela"},  
    {"name" : "Nuevo Amanecer"},  
    {"name" : "Nuevo Amanecer"},  
    {"name" : "Nuevo Horizonte"},  
    {"name" : "Nuevo Renacer"},  
    {"name" : "Obras Publicas"},  
    {"name" : "Palma Real"},  
    {"name" : "Palmarejito"},  
    {"name" : "Pantoja"},  
    {"name" : "Paraiso"},  
    {"name" : "Paraiso Del Caribe"},  
    {"name" : "Paraiso Oriental"},  
    {"name" : "Parque Del Este I"},  
    {"name" : "Parque Ind. Nueva Isabela"},  
    {"name" : "Parque Isabela"},  
    {"name" : "Parque Mirador Este"},  
    {"name" : "Piantini"},  
    {"name" : "Piantini"},  
    {"name" : "Piantini"},  
    {"name" : "Pidoca"},  
    {"name" : "Pista de Motocros La Yuca"},  
    {"name" : "Ponce"},  
    {"name" : "Pradera Hermosa"},  
    {"name" : "Prados Del Cachon"},  
    {"name" : "Progreso"},  
    {"name" : "Proyecto Bnv"},  
    {"name" : "Proyecto Ciudad"},  
    {"name" : "Pueblo Nuevo"},  
    {"name" : "Pueblo Nuevo"},  
    {"name" : "Puerto de Haina"},  
    {"name" : "Puerto Rico"},  
    {"name" : "Puerto Rico"},  
    {"name" : "Radiante"},  
    {"name" : "Ralma"},  
    {"name" : "Renacimiento"},  
    {"name" : "Renacimiento"},  
    {"name" : "Rep. Alma Rosa"},  
    {"name" : "Rep. Villa Carmen"},  
    {"name" : "Rep. Villa Maria"},  
    {"name" : "Reparto Aguedita"},  
    {"name" : "Reparto Caribe"},  
    {"name" : "Reparto Miguelina"},  
    {"name" : "Reparto Rudima"},  
    {"name" : "Reparto Samaria"},  
    {"name" : "Res. Amapola"},  
    {"name" : "Res. Clarimar"},  
    {"name" : "Res. Del Este"},  
    {"name" : "Res. Don Oscar"},  
    {"name" : "Res. El Dorado"},  
    {"name" : "Res. Fernandez Oriental"},  
    {"name" : "Res. Idalia A "},  
    {"name" : "Res. Lomisa"},  
    {"name" : "Res. Mirador Del Este"},  
    {"name" : "Res. Noelia"},  
    {"name" : "Res. Oriente"},  
    {"name" : "Res. Parque Del Este"},  
    {"name" : "Res. Santo Domingo"},  
    {"name" : "Res. Sol de Luz"},  
    {"name" : "Res. Teresa"},  
    {"name" : "Res. Enriquillo"},  
    {"name" : "Res. Alameda"},  
    {"name" : "Res. Almendra"},  
    {"name" : "Res. Canaan"},  
    {"name" : "Res. Don Oscar"},  
    {"name" : "Res. Jose Contreras"},  
    {"name" : "Res. La Yuca"},  
    {"name" : "Res. Loyola"},  
    {"name" : "Res. Rosmil"},  
    {"name" : "Rivera Del Haina"},  
    {"name" : "Rocamar"},  
    {"name" : "Rosa Maria"},  
    {"name" : "Rosario Sanchez"},  
    {"name" : "Sabana Centro"},  
    {"name" : "Sabana Perdida"},  
    {"name" : "Sabaneta"},  
    {"name" : "Salome Urea"},  
    {"name" : "San Antonio"},  
    {"name" : "San Bartolo"},  
    {"name" : "San Carlos"},  
    {"name" : "San Carlos"},  
    {"name" : "San Francisco"},  
    {"name" : "San Geronimo"},  
    {"name" : "San Geronimo"},  
    {"name" : "San Jose"},  
    {"name" : "San Jose de Mendoza"},  
    {"name" : "San Lazaro"},  
    {"name" : "San Martin de Porres"},  
    {"name" : "San Miguel"},  
    {"name" : "San Miguel"},  
    {"name" : "San Miguel"},  
    {"name" : "San Pablo II"},  
    {"name" : "Sans Souci"},  
    {"name" : "Sandra"},  
    {"name" : "Sandra I"},  
    {"name" : "Santa Cruz"},  
    {"name" : "Santa Rosa"},  
    {"name" : "Sarasota"},  
    {"name" : "Savica"},  
    {"name" : "Savica"},  
    {"name" : "Simon Bolivar"},  
    {"name" : "Simonico"},  
    {"name" : "Sol Naciente"},  
    {"name" : "Suriel"},  
    {"name" : "Trabajadores"},  
    {"name" : "Tropical Del Este"},  
    {"name" : "Tropicana"},  
    {"name" : "Trueva"},  
    {"name" : "Urb. Amanda"},  
    {"name" : "Urb. Ana T. Balaguer"},  
    {"name" : "Urb. Brisa Del Norte"},  
    {"name" : "Urb. Charles de Gaulle"},  
    {"name" : "Urb. El Remanso"},  
    {"name" : "Urb. El Rosal"},  
    {"name" : "Urb. Italia"},  
    {"name" : "Urb. Las Palmas"},  
    {"name" : "Urb. Las Praderas"},  
    {"name" : "Urb. Maximo Gomez"},  
    {"name" : "Urb. Olimpo"},  
    {"name" : "Urb. Primavera"},  
    {"name" : "Urb. Puerta de Hierro"},  
    {"name" : "Urb. Real"},  
    {"name" : "Urb. San Rafael"},  
    {"name" : "Urb. Santa Cruz"},  
    {"name" : "Urb. Sarah Gabriela"},  
    {"name" : "Urb. Fernandez"},  
    {"name" : "Urb. Las Mercedes"},  
    {"name" : "Urb. Palma Real"},  
    {"name" : "Valle Encantado"},  
    {"name" : "Valle Verde"},  
    {"name" : "Varia"},  
    {"name" : "Vecinos Unidos"},  
    {"name" : "Viejo Arroyo Hondo"},  
    {"name" : "Vietnam"},  
    {"name" : "Villa Adela"},  
    {"name" : "Villa Aura"},  
    {"name" : "Villa Blanca"},  
    {"name" : "Villa Carmela"},  
    {"name" : "Villa Carmen"},  
    {"name" : "Villa Claudina"},
    { "name" : "Villa Consuelo"},  
    { "name" : "Villa Consuelo"},  
    { "name" : "Villa Duarte"},  
    { "name" : "Villa Elena"},  
    { "name" : "Villa Eloisa"},  
    { "name" : "Villa Esfuerzo"},  
    { "name" : "Villa Esperanza"},  
    { "name" : "Villa Faro"},  
    { "name" : "Villa Francisca"},  
    { "name" : "Villa Francisca"},  
    { "name" : "Villa Juana"},  
    { "name" : "Villa Juana"},  
    { "name" : "Villa Maria"},  
    { "name" : "Villa Marina"},  
    { "name" : "Villa Mella"},  
    { "name" : "Villa Nazaret"},  
    { "name" : "Villa Nueva"},  
    { "name" : "Villa Olimpica"},  
    { "name" : "Villa Peravia"},  
    { "name" : "Villa San Felipe"},  
    { "name" : "Villa Satelite"},  
    { "name" : "Villas Agricolas"},  
    { "name" : "Villas Agricolas"},  
    { "name" : "Villas Del Cafe"},  
    { "name" : "Villas Naco"},  
    { "name" : "Vista Bella"},  
    { "name" : "Vista Hermosa"},  
    { "name" : "Yaquito"},  
    { "name" : "Zona Colonial"},  
    { "name" : "Zona Franca de Los Alcarrizos"},  
    { "name" : "Zona Franca Industrial de Herrera"},  
    { "name" : "Zona Industrial de Villa Mella"},  
    { "name" : "Zona Industrial de Herrera"},  
    { "name" : "Zona Industrial de Herrera"},  
    { "name" : "Zona Industrial de la Isabela"},  
    { "name" : "Zona Universitaria"},  
    { "name" : " de Haina"},  
    { "name" : " de Agosto"},  
    { "name" : " de Enero"},  
    { "name" : " de Abril"},  
    { "name" : " de Abril"},  
    { "name" : " de Febrero"},  
    { "name" : " de Mayo"},  
    { "name" : "Distrito Nacional"},  
    { "name" : "Santo Domingo Norte"},  
    { "name" : "Santo Domingo Este"},  
    { "name" : "Santo Domingo Oeste"},  
    { "name" : "Boca Del Soco"},  
    { "name" : "Guayacanes"},  
    { "name" : "La Punta"},  
    { "name" : "Juan Dolio"},  
    { "name" : "San Jose de Los Llanos"},  
    { "name" : "Cayacoa"},  
    { "name" : "El Guayabal"},  
    { "name" : "Los Jibaros"},  
    { "name" : "Los Montones"},  
    { "name" : "San Geronimo"},  
    { "name" : "Ajagual"},  
    { "name" : "Los Lorenes"},  
    { "name" : "Magarin"},  
    { "name" : "Alejandro Bass"},  
    { "name" : "Las Callas"},  
    { "name" : "Pajarito"},  
    { "name" : "Los Montones"},  
    { "name" : "Zorra Buena"},  
    { "name" : "Caonabo"},  
    { "name" : "Malulani"},  
    { "name" : "Gautier Dm"},  
    { "name" : "Aleton"},  
    { "name" : "Guaymate"},  
    { "name" : "Isla Saona"},  
    { "name" : "Altos de Chavon"},  
    { "name" : "Sabana"},  
    { "name" : " de Cumayasa Dm"},  
    { "name" : "Bejucal"},  
    { "name" : "Santana"},  
    { "name" : "El Salado"},  
    { "name" : "Jima Jaragua"},  
    { "name" : "Los Rios"},  
    { "name" : "Mata Chalupa"},  
    { "name" : "Bayahibe Dm"},  
    { "name" : "Boca de Yuma"},  
    { "name" : "Gato"},  
    { "name" : "La Piita"},  
    { "name" : "Boca de Yuma Dm"},  
    { "name" : "Caada Honda"},  
    { "name" : "El Barrero"},  
    { "name" : "Las Guamas"},  
    { "name" : "Otra Banda Dm"},  
    { "name" : "El Bonao"},  
    { "name" : "Duyey"},  
    { "name" : "Cruz Del Isleo"},  
    { "name" : "Bavaro"},  
    { "name" : "Punta Cana"},  
    { "name" : "Arroyo Grande"},  
    { "name" : "Campia"},  
    { "name" : "Candelaria"},  
    { "name" : "Las Cuchillas"},  
    { "name" : "El Cuey"},  
    { "name" : "Magarin"},  
    { "name" : "Mata de Palma"},  
    { "name" : "San Francisco Dm"},  
    { "name" : "Santa Lucia Dm"},  
    { "name" : "Vicentillo"},  
    { "name" : "Anama"},  
    { "name" : "NO DISPONIBLE"},  
    { "name" : "El Jovero"},  
    { "name" : "El Morro"},  
    { "name" : "Las Lilas"},  
    { "name" : "Isabelita"},  
    { "name" : "Pedro Sanchez Dm"},  
    { "name" : "Don Lpez"},  
    { "name" : "Guayabo Dulce Dm"},  
    { "name" : "Manchado"},  
    { "name" : "Mata Palacio Dm"},  
    { "name" : "El Centro"},  
    { "name" : "Arenita"},  
    { "name" : "Rincn Fogn"},  
    { "name" : "San Rafael"},  
    { "name" : "Elupina Cordero"},  
    { "name" : "Magua"},  
    { "name" : "Yerba Buena Dm"},  
    { "name" : "Las Claras"},  
    { "name" : "El Mamn"},  
    { "name" : "Los Hatillos Dm"},  
    { "name" : "Elupina Cordero de las Caitas Dm"},  
    { "name" : "La Pia de Joya Dm"},  
    { "name" : "Colon"},  
    { "name" : "La Cruz de Cenovi Dm"},  
    { "name" : "Guiza"},  
    { "name" : "Jaya"},  
    { "name" : "Los Bejucos"},  
    { "name" : "Las Guazumas"},  
    { "name" : "La Malena"},  
    { "name" : "El Aguacate Dm"},  
    { "name" : "Las Coles Dm"},  
    { "name" : "Las Carreras"},  
    { "name" : "La Jagua"},  
    { "name" : "Agua Santa Del Yuna Dm"},  
    { "name" : "Barranquito Dm"},  
    { "name" : "Cristo Rey de Guaraguao Dm"},  
    { "name" : "Barraquito"},  
    { "name" : "Guaraguao"},  
    { "name" : "Los Peynado"},  
    { "name" : "Los Aguayos Dm"},  
    { "name" : "Gina Clara"},  
    { "name" : "Juan Diaz"},  
    { "name" : "Los Cachones"},  
    { "name" : "Los Llanos"},  
    { "name" : "Rincon Hondo"},  
    { "name" : "Las Taranas Dm"},  
    { "name" : "Yaiba Abajo"},  
    { "name" : "Acicate"},  
    { "name" : "Cerrejon"},  
    { "name" : "Sabana Grande Dm"},  
    { "name" : "Buena Vista"},  
    { "name" : "Caobete"},  
    { "name" : "Cuaba Abajo"},  
    { "name" : "San Felipe Arriba"},  
    { "name" : "Ceiba de Los Pajaros"},  
    { "name" : "Chiringo"},  
    { "name" : "Las Taranas"},  
    { "name" : "Yeiba"},  
    { "name" : "La Enea"},  
    { "name" : "El Hato"},  
    { "name" : "Rincon de Los Genaos"},  
    { "name" : "Los Riveras"},  
    { "name" : "Callejon de Tilo"},  
    { "name" : "Paraguay"},  
    { "name" : "La Reforma"},  
    { "name" : "La Bajada"},  
    { "name" : "Majagual"},  
    { "name" : "Dichoso"},  
    { "name" : "Laguna de Coto"},  
    { "name" : "La Mesa"},  
    { "name" : "Patao"},  
    { "name" : "La Pea"},  
    { "name" : "Ponton"},  
    { "name" : "Ramonal"},  
    { "name" : "Acosta"},  
    { "name" : "Arroyo Barril Dm"},  
    { "name" : "Las Garelas Dm"},  
    { "name" : "Los Cacaos"},  
    { "name" : "Honduras"},  
    { "name" : "Juana Vicenta"},  
    { "name" : "El Limon Dm"},  
    { "name" : "Las Pacualas"},  
    { "name" : "La Majagua"},  
    { "name" : "Las Garitas"},  
    { "name" : "Agua Santa Dal Yuma"},  
    { "name" : "Majagual"},  
    { "name" : "El Jaimito"},  
    { "name" : "El Coson"},  
    { "name" : "La Barbacoa"},  
    { "name" : "El Naranjo"},  
    { "name" : "Las Carcobas"},  
    { "name" : "El Guayabo"},  
    { "name" : "Las Gordas"},  
    { "name" : "Abreu"},  
    { "name" : "Arroyo Salado"},  
    { "name" : "La Entrada"},  
    { "name" : "La Jaguita"},  
    { "name" : "El Pozo"},  
    { "name" : "El Papagayo"},  
    { "name" : "Los Pajones"},  
    { "name" : "El Telanza"},  
    { "name" : "Los Indios"},  
    { "name" : "San Jos de Maranza"},  
    { "name" : "Payita"},  
    { "name" : "Caja de Jobo"},  
    { "name" : "Cruce Del Rincon"},  
    { "name" : "Los Yayales"},  
    { "name" : "La Entrada"},  
    { "name" : "Arroyo Salado"},  
    { "name" : "La Gorda"},  
    { "name" : "Arroyo Al Medio"},  
    { "name" : "Jamao Adentro"},  
    { "name" : "Jamao Afuera"},  
    { "name" : "Loa Cacaos"},  
    { "name" : "Palmarito"},  
    { "name" : "Boba Arriba"},  
    { "name" : "Canete"},  
    { "name" : "La Gran Parada"},  
    { "name" : "Paso Hondo"},  
    { "name" : "El Placer"},  
    { "name" : "La Ceiba"},  
    { "name" : "Los Limones"},  
    { "name" : "San Jose"},  
    { "name" : "Santa Ana"},  
    { "name" : "Blanco Arriba"},  
    { "name" : "Bacui"},  
    { "name" : "Bayacanes"},  
    { "name" : "Burende"},  
    { "name" : "Cabirmota"},  
    { "name" : "El Cafe"},  
    { "name" : "El Mamey"},  
    { "name" : "Guarey"},  
    { "name" : "El Jamo"},  
    { "name" : "La Peda"},  
    { "name" : "Las Cabuyas"},  
    { "name" : "Las Canas"},  
    { "name" : "Licey"},  
    { "name" : "Ponton"},  
    { "name" : "Sabaneta"},  
    { "name" : "Tavera Abajo"},  
    { "name" : "Maldonado"},  
    { "name" : "Palero"},  
    { "name" : "Tireo Dm"},  
    { "name" : "Arroyo Frio"},  
    { "name" : "La Descubierta"},  
    { "name" : "Las Palomas"},  
    { "name" : "El Rio"},  
    { "name" : "Tireo Abajo"},  
    { "name" : "Tireo Arriba"},  
    { "name" : "La Sabina Dm"},  
    { "name" : "Buena Vista Dm"},  
    { "name" : "Hato Viejo"},  
    { "name" : "Corocito"},  
    { "name" : "Estancia"},  
    { "name" : "Hatillo"},  
    { "name" : "Junumucu"},  
    { "name" : "Los Corozos"},  
    { "name" : "Manabao"},  
    { "name" : "Los Dajaos"},  
    { "name" : "La Cienega"},  
    { "name" : "Paso Bajito"},  
    { "name" : "Pedregal"},  
    { "name" : "Piedra Blanca"},  
    { "name" : "Pina Quemado"},  
    { "name" : "Los Forosos"},  
    { "name" : "Cabirma"},  
    { "name" : "Rio Verde Arriba Dm"},  
    { "name" : "Arroyo Hondo Arriba"},  
    { "name" : "El Mirador"},  
    { "name" : "El Naranjal"},  
    { "name" : "Pueblo Viejo"},  
    { "name" : "Rio Vrede Abajo"},  
    { "name" : "Rio Vrede Arriba"},  
    { "name" : "La Frontera"},  
    { "name" : "Jima Arriba"},  
    { "name" : "San Bartolo"},  
    { "name" : "Rincon Dm"},  
    { "name" : "La Curbita"},  
    { "name" : "Junumucu"},  
    { "name" : "Arroyo Toro Dm"},  
    { "name" : "Barrio Prosperidad"},  
    { "name" : "La Salvia"},  
    { "name" : "Urb. Falcombridge"},  
    { "name" : "Urb. Jacaranda"},  
    { "name" : "Urb. La Salvia"},  
    { "name" : "Bejucal"},  
    { "name" : "Barrio La Privada"},  
    { "name" : "Barrio Los Olimpicos"},  
    { "name" : "Barrio Los Transformadores"},  
    { "name" : "Barrio San Jose"},  
    { "name" : "Barrio Santa Rosa"},  
    { "name" : "Ensanche Libertad"},  
    { "name" : "Mejoramiento Social"},  
    { "name" : "Reparto Quisqueya"},  
    { "name" : "Reparto Yuna"},  
    { "name" : "Zona Franca de Bonao"},  
    { "name" : "Blanco"},  
    { "name" : "La Villa"},  
    { "name" : "Las Delicias"},  
    { "name" : "Urb. Miriam"},  
    { "name" : "Urb. San Pablo"},  
    { "name" : "El Verde"},  
    { "name" : "Jayaco Dm"},  
    { "name" : "Juma Bejucal Dm"},  
    { "name" : "La Salvia"},  
    { "name" : "Masipedro"},  
    { "name" : "Sabana Del Puerto Dm"},  
    { "name" : "Hato Viejo"},  
    { "name" : "Los Martinez"},  
    { "name" : "Arroyo Vuelta"},  
    { "name" : "El "},  
    { "name" : "Juan Adrian Dm"},  
    { "name" : "Rincon de Yuboa"},  
    { "name" : "Villa Sonador Dm"},  
    { "name" : "Caballero Abajo"},  
    { "name" : "Chacuel Maldonado"},  
    { "name" : "Hatillo"},  
    { "name" : "Las Lagunas"},  
    { "name" : "Los Cerros"},  
    { "name" : "Platanal"},  
    { "name" : "Sabana Grande Abajo"},  
    { "name" : "Zambra Abajo"},  
    { "name" : "Abadesa"},  
    { "name" : "Batero"},  
    { "name" : "Sierra Prieta"},  
    { "name" : "Angelina Dm"},  
    { "name" : "La Cueva Dm"},  
    { "name" : "Sabana Grande"},  
    { "name" : "Angelina"},  
    { "name" : "La Vija Dm"},  
    { "name" : "La Cana"},  
    { "name" : "Las Corozas"},  
    { "name" : "Hernando Alonzo"},  
    { "name" : "Platanal Dm"},  
    { "name" : "Quita Sueo Dm"},  
    { "name" : "Aguacate de Jacagua"},  
    { "name" : "Canabacoa"},  
    { "name" : "El Ingenio Abajo"},  
    { "name" : "El Papayo"},  
    { "name" : "El Ranchito"},  
    { "name" : "Estancia Nueva"},  
    { "name" : "Gurabo Abajo"},  
    { "name" : "Jagaua"},  
    { "name" : "La Bucara"},  
    { "name" : "La Cienaga"},  
    { "name" : "La Herradura"},  
    { "name" : "La Javilla"},  
    { "name" : "Las Charcas"},  
    { "name" : "Matanza"},  
    { "name" : "Monte Adentro Abajo"},  
    { "name" : "Palo Marrillo"},  
    { "name" : "Palo Quemado"},  
    { "name" : "Pontezuela Al Medio"},  
    { "name" : "Pual"},  
    { "name" : "San Francisco de Jacagua Dm"},  
    { "name" : "Cuesta Abajo"},  
    { "name" : "Eugenio Perdomo"},  
    { "name" : "Guama"},  
    { "name" : "Inoa"},  
    { "name" : "Mata Grande"},  
    { "name" : "Los Montones Abajo"},  
    { "name" : "Pedregal"},  
    { "name" : "Las Piedras"},  
    { "name" : "Las Plasetas Dm"},  
    { "name" : "Yerba Buena"},  
    { "name" : "Arroyo Hondo"},  
    { "name" : "Cagueyes"},  
    { "name" : "Ceb"},  
    { "name" : "Dicayagua Abajo"},  
    { "name" : "La Guama"},  
    { "name" : "Jagua Abajo"},  
    { "name" : "Loma Del Corral"},  
    { "name" : "Mesetas"},  
    { "name" : "Pinalito"},  
    { "name" : "Yaque Abajo"},  
    { "name" : "Sabana Iglesia Dm"},  
    { "name" : "El Caimito Dm"},  
    { "name" : "Baitoa Dm"},  
    { "name" : "Caada Bonita"},  
    { "name" : "Estancia Del Yaque"},  
    { "name" : "La Lomota"},  
    { "name" : "La Villa Nueva"},  
    { "name" : "Mejia de Navarrete"},  
    { "name" : "Pontoncito"},  
    { "name" : "Vuelta Larga"},  
    { "name" : "La Cruz de Maria Francisca"},  
    { "name" : "Licey Arriba"},  
    { "name" : "Licey Abajo"},  
    { "name" : "Las Palomas"},  
    { "name" : "La Cruz de Izalguez"},  
    { "name" : "Boca de Maizal"},  
    { "name" : "Canca La Piedra"},  
    { "name" : "Carlos Diaz"},  
    { "name" : "Guazumal Arriba"},  
    { "name" : "Las Bocas de Licey"},  
    { "name" : "Licey Al Medio"},  
    { "name" : "Pontezuela"},  
    { "name" : "El Limon Dm"},  
    { "name" : "Las Lavas"},  
    { "name" : "Macoris Del Limon"},  
    { "name" : "Palmar Abajo Dm"},  
    { "name" : "Quinigua"},  
    { "name" : "Las Auyamas"},  
    { "name" : "Sabana Iglesia"},  
    { "name" : "Los Ranchos"},  
    { "name" : "Las Zanjas"},  
    { "name" : "Baitoa"},  
    { "name" : "Lopez"},  
    { "name" : "San Jos Adentro"},  
    { "name" : "San Jos Afuera"},  
    { "name" : "Hatillo San Lorenzo"},  
    { "name" : "Hato Del Yaque Dm"},  
    { "name" : "Sabana Grande de Batey"},  
    { "name" : "NO DISPONIBLE"},  
    { "name" : "Caafistol"},  
    { "name" : "Celestina"},  
    { "name" : "Corocito"},  
    { "name" : "Diferencia"},  
    { "name" : "Jicome"},  
    { "name" : "Magua"},  
    { "name" : "Manacla"},  
    { "name" : "Mata Del Dajao"},  
    { "name" : "Naranjo Bajon"},  
    { "name" : "El Rubio Dm"},  
    { "name" : "NO DISPONIBLE"},  
    { "name" : "Franco Bid"},  
    { "name" : "Janey"},  
    { "name" : "Juncalito Abajo"},  
    { "name" : "Rincón Largo"},  
    { "name" : "Rincon Llano"},  
    { "name" : "Canca Reina"},  
    { "name" : "El Aguacate"},  
    { "name" : "El Agarrobo"},  
    { "name" : "El Higuero"},  
    { "name" : "Luan Lpez Abajo"},  
    { "name" : "Las Lagunas Abajo"},  
    { "name" : "Llenas"},  
    { "name" : "Monte de la Jagua"},  
    { "name" : "Paso de Moca"},  
    { "name" : "San Luis"},  
    { "name" : "Zafarraya"},  
    { "name" : "La Guama de Guananao"},  
    { "name" : "Hato Viejo"},  
    { "name" : "Bejuco Blanco"},  
    { "name" : "El Jobo"},  
    { "name" : "Magante"},  
    { "name" : "Ojo de Agua"},  
    { "name" : "Veragua Abajo"},  
    { "name" : "Camarones"},  
    { "name" : "Palma Herrera"},  
    { "name" : "Rancho de Los Platanos"},  
    { "name" : "Jamao Al Norte"},  
    { "name" : "Jamao Al Sur"},  
    { "name" : "Los Brazos"},  
    { "name" : "San Victor Abajo"},  
    { "name" : "Los Amaceyes Arriba"},  
    { "name" : "Puesto Grande"},  
    { "name" : "La Ceiba de Madera"},  
    { "name" : "El Higuero"},  
    { "name" : "Jagua Clara"},  
    { "name" : "La Piragua"},  
    { "name" : "El Copey"},  
    { "name" : "Los Mameyes"},  
    { "name" : "Maimn"},  
    { "name" : "Sabana Grande"},  
    { "name" : "Tubagua"},  
    { "name" : "Yasica Abajo"},  
    { "name" : "El Toro"},  
    { "name" : "Escalera"},  
    { "name" : "Higuero"},  
    { "name" : "Los Llanos"},  
    { "name" : "Palmar Grande"},  
    { "name" : "El Mamey"},  
    { "name" : "Pescado Bono"},  
    { "name" : "Caada Honda"},  
    { "name" : "Fundacion"},  
    { "name" : "La Cabirma"},  
    { "name" : "Hoya Grande"},  
    { "name" : "Paradero"},  
    { "name" : "Rancho Viejo"},  
    { "name" : "Cabia"},  
    { "name" : "Caonabo"},  
    { "name" : "Las Canas"},  
    { "name" : "Prez"},  
    { "name" : "Saballo"},  
    { "name" : "Marmolesjos"},  
    { "name" : "Unijica"},  
    { "name" : "Cambiaso"},  
    { "name" : "El Higo"},  
    { "name" : "El Estrecho"},  
    { "name" : "La Sabana"},  
    { "name" : "Los Bellosos"},  
    { "name" : "Ranchito de Los Vargas"},
    {"name" : "Madre Vieja"},
    {"name" : "Sabaneta de Cangrejo"},
    {"name" : "Sabaneta de Ysica"},
    {"name" : "Cabarete"},
    {"name" : "Gualete"},
    {"name" : "La Jaiba"},
    {"name" : "Las Guaranas"},
    {"name" : "Boca Nueva"},
    {"name" : "Cangrejo"},
    {"name" : "Caraballo"},
    {"name" : "Los Ciruelos"},
    {"name" : "Mozavi"},
    {"name" : "Los Pinos"},
    {"name" : "Rancho Manuel"},
    {"name" : "Candelon"},
    {"name" : "Las Isabela"},
    {"name" : "Jaibon"},
    {"name" : "Los Quemados"},
    {"name" : "Guatapanal"},
    {"name" : "Potrero"},
    {"name" : "Hundidero"},
    {"name" : "Damajagua"},
    {"name" : "Loma de Damajagua"},
    {"name" : "Loma Del Aguacate"},
    {"name" : "Maizal"},
    {"name" : "Peuela"},
    {"name" : "Villa Heneken"},
    {"name" : "Loma de Maimn"},
    {"name" : "Guayacanes"},
    {"name" : "La Caya"},
    {"name" : "Ranchete"},
    {"name" : "Jaibon"},
    {"name" : "Amina"},
    {"name" : "Entrada de Mao"},
    {"name" : "El Rincon"},
    {"name" : "Las Aguas"},
    {"name" : "Las Peas"},
    {"name" : "El Duro"},
    {"name" : "Baitoal"},
    {"name" : "El Ahogado"},
    {"name" : "Lomas de Castauela"},
    {"name" : "Castauelas"},
    {"name" : "La Magadalena"},
    {"name" : "El Vigiador"},
    {"name" : "Cana Chapeton"},
    {"name" : "Cerro Gordo"},
    {"name" : "Juan Gmez"},
    {"name" : "Martin Garcia"},
    {"name" : "Sabana Cruz"},
    {"name" : "Los Almaceyes"},
    {"name" : "La Horca"},
    {"name" : "Santa Cruz"},
    {"name" : "Carbonera"},
    {"name" : "Copey"},
    {"name" : "Botoncillo"},
    {"name" : "Los Conucos"},
    {"name" : "Villa Garcias"},
    {"name" : "El Copey"},
    {"name" : "Guajaca"},
    {"name" : "Hato Del Medio Arriba"},
    {"name" : "El Papallo"},
    {"name" : "Hatillo Palma Adentro"},
    {"name" : "Los Derramadores"},
    {"name" : "Doa Antonia"},
    {"name" : "Caongo Dm"},
    {"name" : "Cayuco"},
    {"name" : "Sabana Larga"},
    {"name" : "Clavelina"},
    {"name" : "El Aguacate"},
    {"name" : "Capotillo Dm"},
    {"name" : "El Cajil"},
    {"name" : "La Ceyba"},
    {"name" : "Hipolito Billini"},
    {"name" : "Monte Grande"},
    {"name" : "Santiago de la Cruz"},
    {"name" : "Partido Arriba"},
    {"name" : "Baca Gorda"},
    {"name" : "La Gorra"},
    {"name" : "Chacuey"},
    {"name" : "Cruz de Cabrera"},
    {"name" : "El Carrizal"},
    {"name" : "La Pocilga"},
    {"name" : "Los Cerezos"},
    {"name" : "Manuel Bueno Dm"},
    {"name" : "El Rodeo"},
    {"name" : "Arroyo Blanco"},
    {"name" : "La Caobas"},
    {"name" : "Los Cercadillos"},
    {"name" : "Clavijo"},
    {"name" : "Coqui"},
    {"name" : "Estancia Vieja"},
    {"name" : "Mata de Jobo"},
    {"name" : "Palmarejo"},
    {"name" : "San Jose"},
    {"name" : "Toma"},
    {"name" : "La Ceiba de Boneti"},
    {"name" : "El Dajao"},
    {"name" : "El Fundo"},
    {"name" : "Ginita"},
    {"name" : "Inaje"},
    {"name" : "La Lona"},
    {"name" : "El Mamoncito"},
    {"name" : "Gurado"},
    {"name" : "La Cacique"},
    {"name" : "El Rodeo"},
    {"name" : "Barreras Dm"},
    {"name" : "Clavellinas Dm"},
    {"name" : "Las Lomas Dm"},
    {"name" : "Los Jobillos Dm"},
    {"name" : "Puerto Viejo"},
    {"name" : "Emma Balaguer Vda.b."},
    {"name" : "Las Barias Dm"},
    {"name" : "La Estancia Dm"},
    {"name" : "Los Ganaderos Dm"},
    {"name" : "Tabara Abajo Dm"},
    {"name" : "Barro Arriba Dm"},
    {"name" : "El Naranjito"},
    {"name" : "Caada Cimarrona"},
    {"name" : "Hatillo de Azua Dm"},
    {"name" : "Palmar de Ocoa Dm"},
    {"name" : "Hato Nuevo"},
    {"name" : "Magueyal"},
    {"name" : "Oregano Grande"},
    {"name" : "Viajama"},
    {"name" : "Arroyo Cano Dm"},
    {"name" : "Las Lagunas Dm"},
    {"name" : "Las Caitas"},
    {"name" : "La Siembra Dm"},
    {"name" : "Monte Bonito"},
    {"name" : "Villarpando Dm"},
    {"name" : "El Carrizal"},
    {"name" : "El Majagual"},
    {"name" : "Puerto Viejo Dm"},
    {"name" : "Proyecto -C"},
    {"name" : "Proyecto  Dm"},
    {"name" : "Proyecto D-"},
    {"name" : "Tabara Abajo"},
    {"name" : "Amiama Gmez Dm"},
    {"name" : "Las Guanabanos"},
    {"name" : "Los Toros Dm"},
    {"name" : "Sajanoa"},
    {"name" : "El Memiso"},
    {"name" : "Rancho Del Pino"},
    {"name" : "La China"},
    {"name" : "Arroyo Colorado"},
    {"name" : "El Limon"},
    {"name" : "El Cruce de Estebania"},
    {"name" : "El "},
    {"name" : "Rio Grande"},
    {"name" : "Los Quemados"},
    {"name" : "Sabana de Miguel Martin"},
    {"name" : "Pueblo Viejo"},
    {"name" : "El Rosario Dm"},
    {"name" : "Chalona"},
    {"name" : "Guanito Dm"},
    {"name" : "Hato Del Padre"},
    {"name" : "Hato Nuevo"},
    {"name" : "La Jagua"},
    {"name" : "Las Zanjas"},
    {"name" : "Caafistol"},
    {"name" : "Mogollon"},
    {"name" : "Guazumal"},
    {"name" : "Pueblo Nuevo"},
    {"name" : "Rio Arriba Del Norte"},
    {"name" : "Sabana Alta Dm"},
    {"name" : "El Rosario Dm"},
    {"name" : "Arroyo Cano Dm"},
    {"name" : "Yaque Dm"},
    {"name" : "Al Pinal"},
    {"name" : "La Cienega"},
    {"name" : "Derrumbadero Dm"},
    {"name" : "Batista Dm"},
    {"name" : "Jinova Dm"},
    {"name" : "Sosa"},
    {"name" : "Los Montones"},
    {"name" : "Hato Del Padre Dm"},
    {"name" : "Las Managuas Dm"},
    {"name" : "Sabaneta Dm"},
    {"name" : "La Jagua Dm"},
    {"name" : "Carrera de Yegua Dm"},
    {"name" : "La Estancia"},
    {"name" : "Yabonico"},
    {"name" : "Matayaya Dm"},
    {"name" : "Babor"},
    {"name" : "Las Charcas de Maria Nova Dm"},
    {"name" : "Mabrigida"},
    {"name" : "Pedro Corto Dm"},
    {"name" : "Punta Cana"},
    {"name" : "Pozo Hondo"},
    {"name" : "Los Ladrillos"},
    {"name" : "Los Limones"},
    {"name" : "Sabanecierra"},
    {"name" : "Los Jovillos"},
    {"name" : "Catanamatia"},
    {"name" : "Pan de Azucar"},
    {"name" : "Jorgillo Dm"},
    {"name" : "Rio Arriba Del Sur"},
    {"name" : "Guayabo Dm"},
    {"name" : "Los Rinconcitos"},
    {"name" : "Pedro Blanco"},
    {"name" : "Angostura"},
    {"name" : "Hato Viejo"},
    {"name" : "La Jagua"},
    {"name" : "Juan Felipe"},
    {"name" : "Macasia"},
    {"name" : "Las Patillas"},
    {"name" : "El Pino"},
    {"name" : "Pinzon"},
    {"name" : "Potrozo"},
    {"name" : "Puello"},
    {"name" : "Sabana Larga Dm"},
    {"name" : "Las Caitas"},
    {"name" : "Higuerito"},
    {"name" : "Sabana Cruz Dm"},
    {"name" : "Sabana Mula"},
    {"name" : "Guaroa"},
    {"name" : "Guayabal"},
    {"name" : "Los Yareles"},
    {"name" : "Tabacal"},
    {"name" : "Sabana Higuero Dm"},
    {"name" : "Reboso"},
    {"name" : "Guanito"},
    {"name" : "Las Lagunas"},
    {"name" : "Blanco"},
    {"name" : "Aniceto Martnes"},
    {"name" : "Los Guineos"},
    {"name" : "Rancho de la Guardia"},
    {"name" : "Ranco de Pedro"},
    {"name" : "Las Palmas"},
    {"name" : "El Hoyo"},
    {"name" : "Guayacajuco"},
    {"name" : "Nicola Joca"},
    {"name" : "Rio Limpio Dm"},
    {"name" : "Rio Limpio"},
    {"name" : "La Cierrecita"},
    {"name" : "Billiguin"},
    {"name" : "Juan de la Cruz"},
    {"name" : "Sabana de la Loma"},
    {"name" : "Monte Mayor"},
    {"name" : "Rancho de la Guardia Dm"},
    {"name" : "Cachon"},
    {"name" : "Las Guazaras"},
    {"name" : "Manuel Diaz"},
    {"name" : "Tierra Blanca"},
    {"name" : "Caon Dm"},
    {"name" : "Arroyo Dulce Dm"},
    {"name" : "Buena Vista"},
    {"name" : "Caleton"},
    {"name" : "El Pino"},
    {"name" : "NO DISPONIBLE"},
    {"name" : "El Platon"},
    {"name" : "La Zanja Arriba"},
    {"name" : "Leonardo"},
    {"name" : "Los Patos Dm"},
    {"name" : "Ojeda"},
    {"name" : "Las Auyamas"},
    {"name" : "Los Charquitos"},
    {"name" : "Polo"},
    {"name" : "Fondo Negro Dm"},
    {"name" : "Quita Coraza Dm"},
    {"name" : "Canoa Dm"},
    {"name" : "Bombita"},
    {"name" : "Peon"},
    {"name" : "Peon Arriba"},
    {"name" : "Batey Altagracia"},
    {"name" : "La Hoya Pescaderia Dm"},
    {"name" : "El Arroyo"},
    {"name" : "Bahoruco Dm"},
    {"name" : "Guayuyal"},
    {"name" : "Juan Esteban"},
    {"name" : "Palo Alto Dm"},
    {"name" : "Lemba"},
    {"name" : "Los Saladillos"},
    {"name" : "Apolinar Perdomo"},
    {"name" : "El Estero"},
    {"name" : "Los Guineos"},
    {"name" : "El Manguito"},
    {"name" : "Las Petacas"},
    {"name" : "Los Roas"},
    {"name" : "El Copey"},
    {"name" : "El Aguacate"},
    {"name" : "El Mamn"},
    {"name" : "Majagual"},
    {"name" : "El Salado"},
    {"name" : "Las Tejas"},
    {"name" : "El Tamarindo"},
    {"name" : "Las Clavelinas Dm"},
    {"name" : "Higo de la Cruz"},
    {"name" : "Los Moquitos"},
    {"name" : "Barranca"},
    {"name" : "Cabeza de Toro Dm"},
    {"name" : "El Jobo"},
    {"name" : "Mena"},
    {"name" : "Moncerrat Dm"},
    {"name" : "Santana Dm"},
    {"name" : "Uvilla Dm"},
    {"name" : "El Palmar Dm"},
    {"name" : "El Barro"},
    {"name" : "Las Caitas"},
    {"name" : "Pie de Loma"},
    {"name" : "Mata de Naranja"},
    {"name" : "Arroyo Blanco"},
    {"name" : "Boca de Cachon"},
    {"name" : "El Limon Dm"},
    {"name" : "Tierra Nueva"},
    {"name" : "La Colonia Mixta Dm"},
    {"name" : "Puerto Escondido"},
    {"name" : "Vengan A Ver Dm"},
    {"name" : "Angel Feliz"},
    {"name" : "Los Pinos"},
    {"name" : "Bartolom"},
    {"name" : "Angostura"},
    {"name" : "Loa Bolos"},
    {"name" : "Batey "},
    {"name" : "Batey "},
    {"name" : "Batey "},
    {"name" : "Cabeza de Rio"},
    {"name" : "El Maniel"},
    {"name" : "Raiz Picada"},
    {"name" : "Babo Rojo"},
    {"name" : "Las Mercedes"},
    {"name" : "Mencia"},
    {"name" : "Jose Francisco Pea Gomez Dm"},
    {"name" : "Los Tres Charcos"},
    {"name" : "Colonia Villa Esperanza"},
    {"name" : "Borbon"},
    {"name" : "Hatillo"},
    {"name" : "Hato Damas Dm"},
    {"name" : "Ingenio Nuevo"},
    {"name" : "Naranjo Arriba"},
    {"name" : "Sainagua"},
    {"name" : "Santa Maria"},
    {"name" : "Medina Dm"},
    {"name" : "La Cuchilla Dm"},
    {"name" : "El Carril Dm"},
    {"name" : "La Pared"},
    {"name" : "El Ingenio"},
    {"name" : "Los Naranjos"},
    {"name" : "Cambita El Pueblecito Dm"},
    {"name" : "Calderon"},
    {"name" : "Humachon"},
    {"name" : "La Colonia"},
    {"name" : "Los Manantiales"},
    {"name" : "El Tablazo"},
    {"name" : "Boca de Nigua"},
    {"name" : "Najayo Abajo"},
    {"name" : "Juan Barn"},
    {"name" : "Sabana Palenque"},
    {"name" : "Las Gallardas"},
    {"name" : "Najayo Al Medio"},
    {"name" : "Mana de Yaguate"},
    {"name" : "Catarey"},
    {"name" : "Mana de Haina"},
    {"name" : "Medina"},
    {"name" : "Pino Herrado"},
    {"name" : "San Jos Del Puerto Dm"},
    {"name" : "El Cacique Dm"},
    {"name" : "El Centro"},
    {"name" : "El Dean Dm"},
    {"name" : "Hato Arriba"},
    {"name" : "La Lisa Dm"},
    {"name" : "Rio Boy Dm"},
    {"name" : "San Francisco"},
    {"name" : "Yabacao"},
    {"name" : "San Jose"},
    {"name" : "Antn Snchez"},
    {"name" : "Cojobal"},
    {"name" : "Comatillo"},
    {"name" : "Hidalgo"},
    {"name" : "Trinidad"},
    {"name" : "Cabeza de Toro"},
    {"name" : "Juan Snchez"},
    {"name" : "Majagual Dm"},
    {"name" : "Payabo"},
    {"name" : "La Gallina"},
    {"name" : "Hato Viejo"},
    {"name" : "Los Jobillos"},
    {"name" : "Pantoja"},
    {"name" : "San Antonio"},
    {"name" : "Esperalvillo"},
    {"name" : "Centro Penso"},
    {"name" : "La Cuaba"},
    {"name" : "La Guazuma"},
    {"name" : "La Placeta"},
    {"name" : "Los Limones"},
    {"name" : "Batey La Tarana Larga de G"},
    {"name" : "Los Botados"},
    {"name" : "Camaron"},
    {"name" : "La Cola"},
    {"name" : "La Mayas"},
    {"name" : "Reparadero"},
    {"name" : "La Yautia"},
    {"name" : "Las Auyamas"},
    {"name" : "La Gina"},
    {"name" : "Los Morones"},
    {"name" : "Las Barias"},
    {"name" : "Boca Canasta"},
    {"name" : "Las Calderas"},
    {"name" : "Caafistol"},
    {"name" : "El Carreton Dm"},
    {"name" : "Los Cateyes"},
    {"name" : "Boca Canasta"},
    {"name" : "Honduras"},
    {"name" : "Iguana"},
    {"name" : "Limonal Dm"},
    {"name" : "El Llano"},
    {"name" : "La Montera"},
    {"name" : "Juan Luis"},
    {"name" : "Arroyo Caa"},
    {"name" : "Mahoma"},
    {"name" : "Banilejo"},
    {"name" : "Quita Pea"},
    {"name" : "Quita Sueo"},
    {"name" : "Arroyo Bonito"},
    {"name" : "La Bocana"},
    {"name" : "Arroyo Manteca"},
    {"name" : "Las Avispas"},
    {"name" : "La Marca"},
    {"name" : "La Cumbre"},
    {"name" : "Nizao"},
    {"name" : "La Cienaga"},
    {"name" : "El Rosalito"},
    {"name" : "Naranjal"},
    {"name" : "Derrumbao"},
    {"name" : "Los Peas"},
    {"name" : "El Tamarindo"},
    {"name" : "Los Anones"},
    {"name" : "Limn"},
    {"name" : "Monte Arriba"},
    {"name" : "Los Ranchitos"},
    {"name" : "El Pinar"},
    {"name" : "Bejucal"},
    {"name" : "La Cienaga"},
    {"name" : "Los Caimitos"},
    {"name" : "Los Manaclares"},
    {"name" : "La Horma"},
    {"name" : "La Nuez"},
    {"name" : "Las Auyamas"},
    {"name" : "Arroyo Caa"},
    {"name" : "Don Gregorio"},
    {"name" : "Lucas Diaz"},
    {"name" : "Santana Dm"},
    {"name" : "Yiyos Gomez"},
    {"name" : "Las Carreras"},
    {"name" : "Los Ranchitos"},
    {"name" : "Quija Quieta"},
    {"name" : "Arroyo Hondo"},
    {"name" : "Las Calderas"},
    {"name" : "Las Dunas"},
    {"name" : "Las Salinas"},
    {"name" : "Matanza Dm"},
    {"name" : "Villa Guerra"},
    {"name" : "Sabana Indio"},
    {"name" : "La Montera"},
    {"name" : "Arroyo La Angostura"},
    {"name" : "Galen"},
    {"name" : "Loma Las Tablas"},
    {"name" : "Cruce de Ocoa"},
    {"name" : "Las Carreras"},
    {"name" : "Honduras"},
    {"name" : "Matadero"},
    {"name" : "La Catalina Dm"},
    {"name" : "La Noria"},
    {"name" : "El Carreton Dm"},
    {"name" : "Escondido"},
    {"name" : "Paya Dm"},
    {"name" : "Fundacion"},
    {"name" : "Boca Canasta"},
    {"name" : "El Llano"},
    {"name" : "Villa Sombrero Dm"},
    {"name" : "Caafistol"},
    {"name" : "Las Tablas"},
    {"name" : "El Buey"},
    {"name" : "Los Cateyes"},
    {"name" : "Loma de Valvacoa"},
    {"name" : "Monte Llano"},
    {"name" : "La Bejuquera"},
    {"name" : "Valdesia"},
    {"name" : "El Recodo"},
    {"name" : "Iguana"},
    {"name" : "Las Barias"},
    {"name" : "Las Yeguas"},
    {"name" : "Arroyo Salado"},
    {"name" : "Roblegal"},
    {"name" : "Sabana Larga"},
    {"name" : "Limonal Dm"},
    {"name" : "Pizarrete Dm"},
    {"name" : "Santana Dm"},
    {"name" : "El Palmarito"},
    {"name" : "Gualey"},
    {"name" : "Reparto Perello"},
    {"name" : "Reparto Peralta"},
    {"name" : "Reparto Panorama"},
    {"name" : "Reparto Oquet"},
    {"name" : "Reparto Montero"},
    {"name" : "Reparto Manhattan"},
    {"name" : "Reparto Kokette"},
    {"name" : "Reparto Imperial"},
    {"name" : "Reparto Hache"},
    {"name" : "Reparto Eliseo Perez"}, 
    {"name" : "Reparto Del Este"}, 
    {"name" : "Reparto Consuelo"}, 
    {"name" : "Quinta de Rincon Largo"}, 
    {"name" : "Pueblo Nuevo"}, 
    {"name" : "Pontezuela Al Medio"}, 
    {"name" : "Pontezuela Abajo"}, 
    {"name" : "Pontezuela"}, 
    {"name" : "Pia de Oro"}, 
    {"name" : "Pequin"}, 
    {"name" : "Pastor"}, 
    {"name" : "Parte Alta"}, 
    {"name" : "Nibaje"}, 
    {"name" : "Monumento"}, 
    {"name" : "Monte Adentro Arriba"}, 
    {"name" : "Mirador Del Yaque"}, 
    {"name" : "Los Salados"}, 
    {"name" : "Mejoramiento Social"}, 
    {"name" : "Barrio Prosperidad"}, 
    {"name" : "La Salvia"}, 
    {"name" : "Urb. Falcombridge"}, 
    {"name" : "Urb. Jacaranda"}, 
    {"name" : "Urb. La Salvia"}, 
    {"name" : "Barrio La Privada"}, 
    {"name" : "Barrio Los Olimpicos"}, 
    {"name" : "Barrio Los Transformadores"}, 
    {"name" : "Barrio San Jose"}, 
    {"name" : "Barrio Santa Rosa"}, 
    {"name" : "Ensanche Libertad"}, 
    {"name" : "Mejoramiento Social"}, 
    {"name" : "Reparto Quisqueya"}, 
    {"name" : "Reparto Yuna"}, 
    {"name" : "Zona Franca de Bonao"}, 
    {"name" : "La Villa"}, 
    {"name" : "Las Delicias"}, 
    {"name" : "Urb. Miriam"}, 
    {"name" : "Urb. San Pablo"}, 
    {"name" : "Barrio Felito Mena"}, 
    {"name" : "Barrio Las Flores"}, 
    {"name" : "Barrio Puerto Rico"}, 
    {"name" : "El Centro"}, 
    {"name" : "El Fundo"}, 
    {"name" : "Los Platanitos"}, 
    {"name" : "Los Perez"}, 
    {"name" : "Los Pepines"}, 
    {"name" : "Los Martires"}, 
    {"name" : "Los Laureles"}, 
    {"name" : "Los Jazmines"}, 
    {"name" : "Los Hidalgos"}, 
    {"name" : "Los Girasoles"}, 
    {"name" : "Los Colegios"}, 
    {"name" : "Los Ciruelitos"}, 
    {"name" : "Los Carritos"}, 
    {"name" : "Los Cajuiles"}, 
    {"name" : "Los Alamos"}, 
    {"name" : "Llanos de Gurabo"}, 
    {"name" : "Limonal Arriba"}, 
    {"name" : "Libertad II"}, 
    {"name" : "Las Palomas Arriba"}, 
    {"name" : "Las Palomas"}, 
    {"name" : "Las Damas"}, 
    {"name" : "Las Amopolas"}, 
    {"name" : "La Zurza III"}, 
    {"name" : "La Zurza II"}, 
    {"name" : "La Zurza"}, 
    {"name" : "La Yaguita de Pastor"}, 
    {"name" : "La Trinitaria"}, 
    {"name" : "La Terraza"}, 
    {"name" : "La Rosaleda"}, 
    {"name" : "La Rosa"}, 
    {"name" : "La Rinconada"}, 
    {"name" : "La Otra Banda"}, 
    {"name" : "La Moraleja"}, 
    {"name" : "La Lotereia"}, 
    {"name" : "La Joya"}, 
    {"name" : "La Herradura"}, 
    {"name" : "La Espaola"}, 
    {"name" : "La Cruz"}, 
    {"name" : "La Colina"}, 
    {"name" : "La Barranquita"}, 
    {"name" : "La Arboleda"}, 
    {"name" : "Jardines Metropolitano"}, 
    {"name" : "Jardines Del Rey"}, 
    {"name" : "Jardines Del Este"}, 
    {"name" : "Ingenio Arriba"}, 
    {"name" : "Hoya Del Caimito"}, 
    {"name" : "Hato Mayor"}, 
    {"name" : "Gurabo Abajo"}, 
    {"name" : "Franco Bid"}, 
    {"name" : "Francisco Del Rosario Sanchez"}, 
    {"name" : "Flor de Gurabo"}, 
    {"name" : "Flamboyan"}, 
    {"name" : "Esmeralda"}, 
    {"name" : "Ensanche Roman"}, 
    {"name" : "Ensanche Ramos"}, 
    {"name" : "Ensanche Libertad"}, 
    {"name" : "Ensanche La Rotonda"}, 
    {"name" : "Ensanche Julia"}, 
    {"name" : "Ensanche Gregorio Luperon"}, 
    {"name" : "Ensanche Espaillat"}, 
    {"name" : "Ensanche Bolivar"}, 
    {"name" : "Ensanche Bermudez"}, 
    {"name" : "Ens. Ortega"}, 
    {"name" : "El Rosal"}, 
    {"name" : "El Jido"}, 
    {"name" : "El Ensueo"}, 
    {"name" : "El Embrujo III"}, 
    {"name" : "El Embrujo II"}, 
    {"name" : "El Dorado II"}, 
    {"name" : "El Despertar II"}, 
    {"name" : "El Despertar"}, 
    {"name" : "El Centro"}, 
    {"name" : "El Brisol"}, 
    {"name" : "El Dorado I"}, 
    {"name" : "Don Pedro Arriba"}, 
    {"name" : "Don Pedro"}, 
    {"name" : "Cuesta Colorada"}, 
    {"name" : "Cruce de Don Pedro Arriba"}, 
    {"name" : "Cristo Rey"}, 
    {"name" : "Corona Plaza"}, 
    {"name" : "Corea"}, 
    {"name" : "Copal II"}, 
    {"name" : "Copal"}, 
    {"name" : "Conani"}, 
    {"name" : "Ciudad Satelite"}, 
    {"name" : "Cerros de Gurabo III"}, 
    {"name" : "Cerros de Gurabo II"}, 
    {"name" : "Cerros de Gurabo I"}, 
    {"name" : "Cerros de Bella Vista"}, 
    {"name" : "Cerro Hermoso"}, 
    {"name" : "Cerro Del Castillo"}, 
    {"name" : "Cerro de Jacagua"}, 
    {"name" : "Cerro Alto"}, 
    {"name" : "Canabacoa"}, 
    {"name" : "Canabacoa"}, 
    {"name" : "Campo de Golf"}, 
    {"name" : "Camboya"}, 
    {"name" : "Buena Vista"}, 
    {"name" : "Brisas Del Este"}, 
    {"name" : "Botanico Y Zoologico Regional"}, 
    {"name" : "Bo. Los Santos"}, 
    {"name" : "Bo. La Gloria"}, 
    {"name" : "Bo. Cadete Manolo Tavares Justo"}, 
    {"name" : "Bo. Cienfuego"}, 
    {"name" : "Bella Vista"}, 
    {"name" : "Barrio Pedro Francisco Bono"}, 
    {"name" : "Barrio Lindo"}, 
    {"name" : "Barrio La Gallera"}, 
    {"name" : "Barrio Hermanas Mirabal"}, 
    {"name" : "Barrio Duarte"}, 
    {"name" : "NO DISPONIBLE"}, 
    {"name" : "Arroyo Hondo"}, 
    {"name" : "Altos Del Invi"}, 
    {"name" : "Altos de Virella"}, 
    {"name" : "Altos de Peralta"}, 
    {"name" : "Sector Sin Nombre"}, 
    {"name" : "Sabana Grande"}, 
    {"name" : "Reparto Oliva"}, 
    {"name" : "Padre Las Casas"}, 
    {"name" : "Monasterio Monte"}, 
    {"name" : "Ensanche Luperon"}, 
    {"name" : "Ensanche Loa Castillos"}, 
    {"name" : "Ens. Miramar"}, 
    {"name" : "Barrrio Loa Guandules"}, 
    {"name" : "Barrio Violon"}, 
    {"name" : "Barrio Loa Mameyes"}, 
    {"name" : "Barrio Las Yaguitas"}, 
    {"name" : "Barrio Las Mercedes"}, 
    {"name" : "Barrio La Zona"}, 
    {"name" : "Barrio La Viara"}, 
    {"name" : "Barrio La Rigola"}, 
    {"name" : "Barrio Haiti"}, 
    {"name" : "Barrio Habitad"}, 
    {"name" : "Barrio El Avispero"}, 
    {"name" : "Barrio Eduardo Brito"}, 
    {"name" : "Barrio Dubeau"}, 
    {"name" : "Barrio Cuzada de Amor"}, 
    {"name" : "Barrio Cristo Rey"}, 
    {"name" : "Barrio Arenoso"}, 
    {"name" : "Barrio Altos de Chavon"}, 
    {"name" : "Bahia de Puerto Plata"}, 
    {"name" : "Alto de Rafey"}, 
    {"name" : "Barrio San Marcos"}, 
    {"name" : "Barrio Playa Oeste"}, 
    {"name" : "Barrio Padre Granjero"}, 
    {"name" : "Barrio Mirador Sur"}, 
    {"name" : "Aeropuerto Cibao"}, 
    {"name" : "Reparto Primavera"}, 
    {"name" : "Reparto Rincon Largo"}, 
    {"name" : "Reparto Tavares Oeste"}, 
    {"name" : "Reparto Universitario"}, 
    {"name" : "Barrio Los Silos Del Norte"}, 
    {"name" : "Barrio Los Rieles"}, 
    {"name" : "Barrio Los Limones"}, 
    {"name" : "Barrio Los Dominguez"}, 
    {"name" : "Barrio Los Coquitos"}, 
    {"name" : "Barrio Los Bordas"}, 
    {"name" : "Barrio Loa Sufridos"}, 
    {"name" : "Res. Julissa"}, 
    {"name" : "Res. Vargas"}, 
    {"name" : "Retiro I"}, 
    {"name" : "Retiro II"}, 
    {"name" : "Sabaneta de la Paloma"}, 
    {"name" : "Santiago Apostol"}, 
    {"name" : "Tierra Alta"}, 
    {"name" : "Universidad Central Madre Y Maestra"}, 
    {"name" : "Urb. Miraflor"}, 
    {"name" : "Urbanisacion Fernandez"}, 
    {"name" : "Urbanisacion Fernando Valerio"}, 
    {"name" : "Urb. Alba Rosa"}, 
    {"name" : "Urb. Bermudez"}, 
    {"name" : "Urb. Brisa Del Palmar"}, 
    {"name" : "Urb. Casilda"}, 
    {"name" : "Urb. Eden"}, 
    {"name" : "Urb. El Despertar"}, 
    {"name" : "Urb. El Embrujo"}, 
    {"name" : "Urb. El Paraiso"}, 
    {"name" : "Urb. Fernandez Dominguez"}, 
    {"name" : "Urb. Fineta"}, 
    {"name" : "Urb. Henriquez"}, 
    {"name" : "Urb. Jardines Del Oeste"}, 
    {"name" : "Urb. Las Americas"}, 
    {"name" : "Urb. Las Antillas"}, 
    {"name" : "Urb. Las Palmas"}, 
    {"name" : "Urb. Los Reyes"}, 
    {"name" : "Urb. Mainardi Reyna"}, 
    {"name" : "Urb. Miraflor"}, 
    {"name" : "Urb. Monte Rico"}, 
    {"name" : "Urb. Monumental"}, 
    {"name" : "Urb. Noreda"}, 
    {"name" : "Urb. Paraiso I"}, 
    {"name" : "Urb. Sarah"}, 
    {"name" : "Urb. Thomen"}, 
    {"name" : "Urb. Villa Alba"}, 
    {"name" : "Valle Verde"}, 
    {"name" : "Valle Verde II"}, 
    {"name" : "Villa Jagua"}, 
    {"name" : "Villa Olga"}, 
    {"name" : "Villa Progreso"}, 
    {"name" : "Villas Del Norte"}, 
    {"name" : "Zona Franca Industrial"}, 
    {"name" : "Urb. Ginebra Arzeno"}, 
    {"name" : "Urb. Arceno Urtado"}, 
    {"name" : "Urb. Atlantica"}, 
    {"name" : "Urb. Bayardo"}, 
    {"name" : "Urb. Buenaventura"}, 
    {"name" : "Urb. Costa Atlantica"}, 
    {"name" : "Urb. Costabar"}, 
    {"name" : "Urb. Cuesta Amarilla"}, 
    {"name" : "Urb. El Cerro"}, 
    {"name" : "Urb. Gregorio Luperon"}, 
    {"name" : "Urb. Juan Brugal"}, 
    {"name" : "Urb. La Estancia"}, 
    {"name" : "Urb. Ortega Brugal"}, 
    {"name" : "Urb. Reyes Caminero"}, 
    {"name" : "Urb. Torre Alta"}, 
    {"name" : "Urbbanizacion Reyes"}, 
    {"name" : "Villa Progreso"}, 
    {"name" : "Zona Franca Industrial"}, 
    {"name" : "Barrio Av. Sosa"}, 
    {"name" : "Barrio Batuto"}, 
    {"name" : "Barrio Calaf"}, 
    {"name" : "Barrio Del Resex Dabo"}, 
    {"name" : "Barrio El Bolsillo"}, 
    {"name" : "Barrio El Toro"}, 
    {"name" : "Barrio Euripides"}, 
    {"name" : "Barrio Gauchupita"}, 
    {"name" : "Barrio Guaci"}, 
    {"name" : "Barrio Horacio"}, 
    {"name" : "Barrio Joan Lopito"}, 
    {"name" : "Barrio La Esperanza"}, 
    {"name" : "Barrio La Estancia"}, 
    {"name" : "Barrio Los Maestros"}, 
    {"name" : "Barrio Los Rieles"}, 
    {"name" : "Barrio Muerto Borracho"}, 
    {"name" : "Barrio Pueblo Abajo"}, 
    {"name" : "Barrio Pueblo Arriba"}, 
    {"name" : "Barrio Puerto Rico"}, 
    {"name" : "Barrio Puerto Rico"}, 
    {"name" : "Barrio Pulin"}, 
    {"name" : "Barrio Quijada Quieta"}, 
    {"name" : "Barrio Sal Si Puedes"}, 
    {"name" : "Barrio San Jose"}, 
    {"name" : "Barrio San Luis"}, 
    {"name" : "Centro de la Ciudad"}, 
    {"name" : "El Caimito"}, 
    {"name" : "El Semillero"}, 
    {"name" : "Entrada de la Soledad"}, 
    {"name" : "Hincha"}, 
    {"name" : "Ley Lama"}, 
    {"name" : "Llenas"}, 
    {"name" : "Los Caceres"}, 
    {"name" : "Los Octavios"}, 
    {"name" : "Los Profecionales"}, 
    {"name" : "Mejoramiento Social"}, 
    {"name" : "Mirador"}, 
    {"name" : "Moronta"}, 
    {"name" : "Recidencial Maria Del Carmen"}, 
    {"name" : "Reparto Amelia"}, 
    {"name" : "Res. Montreal"}, 
    {"name" : "Res. Ambar"}, 
    {"name" : "Res. Cabrera"}, 
    {"name" : "Res. Irka"}, 
    {"name" : "Urb. Del Este"}, 
    {"name" : "Urb. Don Bosco"}, 
    {"name" : "Urb. Grabiela"}, 
    {"name" : "Urbanaizacion Lolita"}, 
    {"name" : "Villa Carolina"}, 
    {"name" : "Villa Del Rosario"}, 
    {"name" : "Villa Delia"}, 
    {"name" : "Villa Elsa"}, 
    {"name" : "Villa Emely"}, 
    {"name" : "Villa Estancia Nueva"}, 
    {"name" : "Villa Estela"}, 
    {"name" : "Villa Olga"}, 
    {"name" : "Barrio Acapulco"}, 
    {"name" : "Centro de la Ciudad"}, 
    {"name" : "Barrio Esperanza"}, 
    {"name" : "Barrio Hato"}, 
    {"name" : "Barrio La Altagracia"}, 
    {"name" : "Barrio La Cotorra"}, 
    {"name" : "Barrio La Cruz"}, 
    {"name" : "Barrio La Fortunas"}, 
    {"name" : "Barrio La Yuca"}, 
    {"name" : "Barrio Libertad"}, 
    {"name" : "Barrio Los Algodones"}, 
    {"name" : "Barrio Los Cocos"}, 
    {"name" : "Barrio Los Espaoles"}, 
    {"name" : "Barrio Los Mineros"}, 
    {"name" : "Barrio Los Tocones"}, 
    {"name" : "Barrio Los Cajuiles"}, 
    {"name" : "Barrio Paraiso"}, 
    {"name" : "Barrio Pueblo Nuevo"}, 
    {"name" : "Barrio San Martin de Porres"}, 
    {"name" : "Barrio Santa Rosa"}, 
    {"name" : "Barrio Vietnam"}, 
    {"name" : "Altos Del Hatico"}, 
    {"name" : "Barrio La Primavera"}, 
    {"name" : "Barrio Maria Auxiliadora"}, 
    {"name" : "Barrio San Martin"}, 
    {"name" : "Don Bosco"}, 
    {"name" : "El Caminito"}, 
    {"name" : "El Manguito"}, 
    {"name" : "Enrriquillo"}, 
    {"name" : "Guarionex"}, 
    {"name" : "Juan Pablo Duarte"}, 
    {"name" : "La Arboleda"}, 
    {"name" : "La Arboleda II"}, 
    {"name" : "La Cigua"}, 
    {"name" : "Las Colinas"}, 
    {"name" : "Los Barrancones"}, 
    {"name" : "Los Pomos"}, 
    {"name" : "Napoles"}, 
    {"name" : "Palmarito"}, 
    {"name" : "Pepito Garcia"}, 
    {"name" : "Puerto Chiquito"}, 
    {"name" : "Res. Don Zoilo"}, 
    {"name" : "Res. Gamundi"}, 
    {"name" : "Res. Maria Estrella II"}, 
    {"name" : "Res. Prado Del Norte"}, 
    {"name" : "Res. Rivera"}, 
    {"name" : "Res. Santa Maria"}, 
    {"name" : "Residensial El Vedado"}, 
    {"name" : "San Antonio"}, 
    {"name" : "Terrero"}, 
    {"name" : "Urb. Ana Magalis"}, 
    {"name" : "Urb. Paraiso"}, 
    {"name" : "Villa Francisca I"}, 
    {"name" : "Villa Francisca II"}, 
    {"name" : "Villa Lora"}, 
    {"name" : "Villa Margarita"}, 
    {"name" : "Villa Mera"}, 
    {"name" : "Villa Paraiso"}, 
    {"name" : "Villa Rosa"}, 
    {"name" : "Villa Turey"}, 
    {"name" : "Alto de la Javiela"}, 
    {"name" : "Barrio Wilmore"}, 
    {"name" : "Barrio Azul"}, 
    {"name" : "Barrio Cuesta Blanca"}, 
    {"name" : "Barrio El Capacito"}, 
    {"name" : "Barrio El Hormiguero"}, 
    {"name" : "Barrio Gregorio Luperon"}, 
    {"name" : "Barrio Hermanas Mirabal"}, 
    {"name" : "Barrio Jobo Bonito"}, 
    {"name" : "Barrio Las Colinas"}, 
    {"name" : "Barrio Los Jibaritos"}, 
    {"name" : "Barrio Pueblo Nuevo"}, 
    {"name" : "Barrio Puerto Rico"}, 
    {"name" : "Barrio Rivera Del Jaya"}, 
    {"name" : "Barrio San Pedro"}, 
    {"name" : "Barrio Ugamba"}, 
    {"name" : "Barrio Villa Duarte"}, 
    {"name" : "Bella Vista"}, 
    {"name" : "El Gallinero"}, 
    {"name" : "El Tejar"}, 
    {"name" : "Ensanche Capotillo"}, 
    {"name" : "Ensanche Duarte"}, 
    {"name" : "Ensanche Madrigal"}, 
    {"name" : "Ensanche Martin"}, 
    {"name" : "Ensanches Getsemani"}, 
    {"name" : "Ensanches William Mieses"}, 
    {"name" : "Invi"}, 
    {"name" : "La Guira"}, 
    {"name" : "Las Flores"}, 
    {"name" : "Los Weber"}, 
    {"name" : "Res. El Dorado"}, 
    {"name" : "Res. Los Rieles"}, 
    {"name" : "Res. Neftaly"}, 
    {"name" : "Santa Ana"}, 
    {"name" : "Urb. Alma Salime"}, 
    {"name" : "Urb. Almanzar"}, 
    {"name" : "Urb. Alvarez"}, 
    {"name" : "Urb. Andujar"}, 
    {"name" : "Urb. Brugal"}, 
    {"name" : "Urb. Campo Fernandez"}, 
    {"name" : "Urb. Caonabo"}, 
    {"name" : "Urb. Caonabo II"}, 
    {"name" : "Urb. Caperuza"}, 
    {"name" : "Urb. Caperuza II"}, 
    {"name" : "Urb. El Silencio I"}, 
    {"name" : "Urb. El Silencio II"}, 
    {"name" : "Urb. Estancia"}, 
    {"name" : "Urb. Felix"}, 
    {"name" : "Urb. Fernandez"}, 
    {"name" : "Urb. Francisco"}, 
    {"name" : "Urb. La Fortuna"}, 
    {"name" : "Urb. Las Palmas"}, 
    {"name" : "Urb. Lora"}, 
    {"name" : "Urb. Los Ciruelo"}, 
    {"name" : "Urb. Los Maestros"}, 
    {"name" : "Urb. Mirador Del Jaya"}, 
    {"name" : "Urb. Pia"}, 
    {"name" : "Urb. Pia III"}, 
    {"name" : "Urb. Riveras Del Jaya"}, 
    {"name" : "Urb. Seorita Ana"}, 
    {"name" : "Urb. Toribio Piantini"}, 
    {"name" : "Ventura Grullon"}, 
    {"name" : "Villa Olimpica"}, 
    {"name" : "Vista Del Valle"}, 
    {"name" : "Barrio El Millon"}, 
    {"name" : "Barrio New York"}, 
    {"name" : "Barrio La Fortaleza"}, 
    {"name" : "Villa Salma"}, 
    {"name" : "Barrio Capitalista"}, 
    {"name" : "Barrio Doralisa Ulloa"}, 
    {"name" : "Barrio El Eden"}, 
    {"name" : "Barrio La "}, 
    {"name" : "Barrio Libertad"}, 
    {"name" : "Barrio Prd"}, 
    {"name" : "Barrio Quisqueyano"}, 
    {"name" : "Barrio Roberto Fermin"}, 
    {"name" : "Barrio San Jose"}, 
    {"name" : "Barrio Santisima Trinidad"}, 
    {"name" : "Barrio Universitaria"}, 
    {"name" : "Centro de la Ciudad"}, 
    {"name" : "Pueblo Nuevo"}, 
    {"name" : "Alto de Piedra"}, 
    {"name" : "Barrio Bietnam"}, 
    {"name" : "Barrio Clavijo"}, 
    {"name" : "Barrio El Chucho"}, 
    {"name" : "Barrio El Hoyo"}, 
    {"name" : "Barrio La Caoba"}, 
    {"name" : "Barrio Las Flores"}, 
    {"name" : "Barrio San Antonio"}, 
    {"name" : "Barrio San Lorenzo"}, 
    {"name" : "Barriolos Maestros"}, 
    {"name" : "Barriolos Mangos"}, 
    {"name" : "Centro de la Ciudad"}, 
    {"name" : "Urb. Los Almendros"}, 
    {"name" : "Barriode Abril"}, 
    {"name" : "Barrio Azul"}, 
    {"name" : "Barrio Blanco"}, 
    {"name" : "Barrio Cerveceria"}, 
    {"name" : "Barrio ElI/"}, 
    {"name" : "Barrio El Silencio"}, 
    {"name" : "Barrio El Toconal"}, 
    {"name" : "Barrio Esperanza"}, 
    {"name" : "Barrio Invicea"}, 
    {"name" : "Barrio Japon"}, 
    {"name" : "Barrio La Filipina"}, 
    {"name" : "Barrio La Puerta"}, 
    {"name" : "Barrio La Punta"}, 
    {"name" : "Barrio La Urea"}, 
    {"name" : "Barrio Las Piedras"}, 
    {"name" : "Barrio Lindo"}, 
    {"name" : "Barrio Los Cajones"}, 
    {"name" : "Barrio Los Cuatros Caminos"}, 
    {"name" : "Barrio Los Maestros"}, 
    {"name" : "Barrio Mexico"}, 
    {"name" : "Barrio Miramar"}, 
    {"name" : "Barrio Nuevo"}, 
    {"name" : "Barrio Obrero"}, 
    {"name" : "Barrio Ortiz"}, 
    {"name" : "Barrio Placer Bonito"}, 
    {"name" : "Barrio Plan Porvenir"}, 
    {"name" : "Barrio Pueblo Nuevo"}, 
    {"name" : "Barrio Restauracion"}, 
    {"name" : "Barrio Sarmiento"}, 
    {"name" : "Barrio Villa Providencia"}, 
    {"name" : "Batey Central"},
    {"name" : "Buenos Aires" },
    {"name" : "Cerveceria Nacional Dominicana" },
    {"name" : "Ensanche Vega" },
    {"name" : "Farrio Las Flores" },
    {"name" : "Ingenio Porvenir" },
    {"name" : "Punta de Garza" },
    {"name" : "Urb. Evangelina Rodriguez" },
    {"name" : "Urb. Enrriquillo" },
    {"name" : "Urb. Evaristo Sanchez" },
    {"name" : "Urb. Independencia" },
    {"name" : "Urb. Jhon F. Kennedy" },
    {"name" : "Urb. La Roca" },
    {"name" : "Urb. Universitaria" },
    {"name" : "Urb. Vicini" },
    {"name" : "Villa Magdalena" },
    {"name" : "Villa Olimpica" },
    {"name" : "Villa Progreso" },
    {"name" : "Zona Franca Industrial" },
    {"name" : "Altos Del Rio Dulce" },
    {"name" : "Balneario El Calenton" },
    {"name" : "Barrio Bancola" },
    {"name" : "Barrio Invi" },
    {"name" : "Barrio La Caleta" },
    {"name" : "Barrio Rio Salado" },
    {"name" : "Barrio San Carlos" },
    {"name" : "Barrio Santa Fe" },
    {"name" : "Barrio York" },
    {"name" : "Central Romana" },
    {"name" : "Deposito Central Romana" },
    {"name" : "Ens. Almeyra" },
    {"name" : "Ensanche Chicago" },
    {"name" : "Ensanche La Hoz" },
    {"name" : "Ensanche La Paz" },
    {"name" : "Ensanche Miramar" },
    {"name" : "Reparto Benjamin" },
    {"name" : "Res. Melissa" },
    {"name" : "Urb. Buena Vista Este" },
    {"name" : "Urb. Buena Vista Norte" },
    {"name" : "Urb. Buena Vista Sur" },
    {"name" : "Urb. Don Juan" },
    {"name" : "Urb. Las Piedras" },
    {"name" : "Urb. Madrigal" },
    {"name" : "Urb. Papagayo" },
    {"name" : "Urb. Preconca" },
    {"name" : "Urb. Quisqueya" },
    {"name" : "Urb. Torres" },
    {"name" : "Villa Pereira" },
    {"name" : "Barrio Antonio Guzman" },
    {"name" : "Villa Verde" },
    {"name" : "Zona Franca Industrial I" },
    {"name" : "Nueva Zona Franca Industrial II" },
    {"name" : "Barrio Cambelen" },
    {"name" : "Barrio Chino" },
    {"name" : "Barrio El Neranjo" },
    {"name" : "Barrio Hoyo Caliente" },
    {"name" : "Barrio La Aviacion" },
    {"name" : "Barrio La Florida" },
    {"name" : "Barrio Los Coquitos" },
    {"name" : "Barrio Los Platanitos" },
    {"name" : "Barrio Los Sotos" },
    {"name" : "Barrio Mama Tingo" },
    {"name" : "Barrio Obispo" },
    {"name" : "Barrio San Francisco" },
    {"name" : "Barrio San Jose" },
    {"name" : "Barrio San Martin de Porres" },
    {"name" : "Basilica Nustra Sra. de la Alt." },
    {"name" : "Juan Pablo Duarte" },
    {"name" : "Los Rosales I" },
    {"name" : "Los Rosales II" },
    {"name" : "Lotificacion Levanto" },
    {"name" : "Lotificasion Don Eusebio" },
    {"name" : "Lotificasion La Altagracia" },
    {"name" : "Res.de Enero" },
    {"name" : "Res. Ana Amelia" },
    {"name" : "Res. Freijo Mil" },
    {"name" : "Urb. La Virgen" },
    {"name" : "Urb. Luisa Perla" },
    {"name" : "Urb. San Pedro" },
    {"name" : "Vista Hermosa" },
    {"name" : "Zona Franca Industrial" },
    {"name" : "Barrio Caada Francisca" },
    {"name" : "Barrio Capotillo" },
    {"name" : "Barrio El Retiro" },
    {"name" : "Barrio Jina Andiana" },
    {"name" : "Barrio La Manicera" },
    {"name" : "Barrio Las " },
    {"name" : "Barrio Los Cajuiles" },
    {"name" : "Barrio Los Hoyos" },
    {"name" : "Buenos Aires" },
    {"name" : "Centro de la Cuidad" },
    {"name" : "Ens. Palo Hincado" },
    {"name" : "Mirador Sur" },
    {"name" : "Barrio Gualey" },
    {"name" : "Barrio Las Guazumas" },
    {"name" : "Barrio Las Malvinas" },
    {"name" : "Barrio Los Barriola" },
    {"name" : "Barrio Ondina" },
    {"name" : "Barrio Puerto Rico" },
    {"name" : "Centro de la Ciudad" },
    {"name" : "Villa Canto" },
    {"name" : "Zona Franca Industrial" },
    {"name" : "Barriode Mayo" },
    {"name" : "Barrio La Ceja" },
    {"name" : "Barrio La Gallera" },
    {"name" : "Barrio Vietnam" },
    {"name" : "Centro de la Ciudad" },
    {"name" : "Barriode Abril" },
    {"name" : "Barrio Arena" },
    {"name" : "Barrio Concentracion" },
    {"name" : "Barrio Favidrio" },
    {"name" : "Barrio Jeringa" },
    {"name" : "Barrio La Constitucion" },
    {"name" : "Barrio La Coquera" },
    {"name" : "Barrio La Pia" },
    {"name" : "Barrio Las Flores" },
    {"name" : "Barrio Los Nova" },
    {"name" : "Barrio Nueva Esperanza" },
    {"name" : "Barrio Puerto Rico" },
    {"name" : "Barrio San Isidro" },
    {"name" : "Canatica" },
    {"name" : "Caada Honda" },
    {"name" : "Centro de la Ciudad" },
    {"name" : "Conani" },
    {"name" : "El Cerro" },
    {"name" : "Ens. Constitucion" },
    {"name" : "Ens. Juan Pablo Duarte" },
    {"name" : "Lava Pie" },
    {"name" : "Madre Vieja Norte" },
    {"name" : "Madre Vieja Sur" },
    {"name" : "Pueblo Nuevo" },
    {"name" : "San Antaonio" },
    {"name" : "Urb. Colina Hermosa" },
    {"name" : "Urb. Las Arecas" },
    {"name" : "Urb. Santes" },
    {"name" : "Villa Fundacion" },
    {"name" : " de Mayo" },
    {"name" : "Barrio Santa Ana" },
    {"name" : "Brisas Del Guazuma" },
    {"name" : "El Fundo" },
    {"name" : "Las Marias" },
    {"name" : "Los Barrancones" },
    {"name" : "Mejoramiento Social" },
    {"name" : "Pueblo Nuevo" },
    {"name" : "Res. Brisas Del Canal" },
    {"name" : "Res. Claudia" },
    {"name" : "Res. Hermanos Serret" },
    {"name" : "Res. Maria Del Carmen" },
    {"name" : "Santa Cruz" },
    {"name" : "Santa Rosa" },
    {"name" : "Urb. Maximo Gomez" },
    {"name" : "Villa Carmen" },
    {"name" : "Villa David" },
    {"name" : "Villa Majega" },
    {"name" : "Aeropuerto Viejo" },
    {"name" : "Alto de las Flores" },
    {"name" : "Barrio Buenos Aires" },
    {"name" : "Barrio El Hoyo" },
    {"name" : "Barrio El Prado" },
    {"name" : "Barrio El Trompo" },
    {"name" : "Barrio La Bombita" },
    {"name" : "Barrio La Cuchilla" },
    {"name" : "Barrio La Frontera" },
    {"name" : "Barrio Los Cartones" },
    {"name" : "Barrio Pajarito" },
    {"name" : "Barrio Simon Estridel" },
    {"name" : "Centro de la Ciudad" },
    {"name" : "La Colonia Espaola" },
    {"name" : "Los Macos" },
    {"name" : "Los Parceleros" },
    {"name" : "Mejoramiento Social" },
    {"name" : "Pueblo Abajo" },
    {"name" : "Savica" },
    {"name" : "Barrio Cepillo" },
    {"name" : "Barrio Guachupita" },
    {"name" : "Barrio Gualey" },
    {"name" : "Barrio Los Mojados" },
    {"name" : "Barrio Quija Quieta" },
    {"name" : "Centro de la Ciudad" },
    {"name" : "El Baden" },
    {"name" : "Ens. Anacaona" },
    {"name" : "Ens. La Fe" },
    {"name" : "Ens. Mesopotamia" },
    {"name" : "Francisco Del Rosario Sanchesz" },
    {"name" : "Los Grimgos" },
    {"name" : "Los Montes de Oca" },
    {"name" : "Urb. Manoguayabo" },
    {"name" : "Villa Felicia" },
    {"name" : "Villa Flores" },
    {"name" : "Villa Ofelia" },
    {"name" : "Barrio Rafael" },
    {"name" : "Clavellina" },
    {"name" : "La Vija" },
    {"name" : "Nuestro Esfuerzo" },
    {"name" : "Pueblo Abajo" },
    {"name" : "Res. Los Maestros" },
    {"name" : "San Antonio" },
    {"name" : "San Luis" },
    {"name" : "Centro de la Ciudad" },
    {"name" : "Galindo" },
    {"name" : "La Primaria" },
    {"name" : "Alto Velo" },
    {"name" : "Baitoita" },
    {"name" : "Barrio Enriquillo" },
    {"name" : "Barrio Jarro Sucio" },
    {"name" : "Barrio Juan Pablo Duarte" },
    {"name" : "Barrio La Playa" },
    {"name" : "Barrio Los Block" },
    {"name" : "Batey Central" },
    {"name" : "Camboya" },
    {"name" : "Centro de la Ciudad" },
    {"name" : "El Arco" },
    {"name" : "Invi-Cea" },
    {"name" : "Las Flores" },
    {"name" : "Lotificacion Blanquisales" },
    {"name" : "Mejoramiento Social" },
    {"name" : "Naco" },
    {"name" : "Palmarito" },
    {"name" : "Parte Norte de la Ciudad" },
    {"name" : "Pueblo Nuevo" },
    {"name" : "Savica" },
    {"name" : "Villa Estela" },
    {"name" : "Zona Franca de Barahona" },
    {"name" : " de Mayo" },
    {"name" : "Cachon Seco" },
    {"name" : "El Tanque" },
    {"name" : "El Tejal" },
    {"name" : "Jose Alberto Caamao" },
    {"name" : "La J" },
    {"name" : "Barrio Calorina" },
    {"name" : "La Botella" },
    {"name" : "La Cuaba" },
    {"name" : "Las Malbinas" },
    {"name" : "Los Coquitos" },
    {"name" : "Plaza Cacique" },
    {"name" : "Santa Cruz" },
    {"name" : "Te Jinca" },
    {"name" : "Villa Paja" },
    {"name" : "Barrio El Cerro" },
    {"name" : "Barrio Para Militares" },
    {"name" : "Boca Del Cachon" },
    {"name" : "Centro de la Ciudad" },
    {"name" : "El Invi" },
    {"name" : "El Limon" },
    {"name" : "La K" },
    {"name" : "La " },
    {"name" : "Solidaridad" },
    {"name" : "Tierra Nueva" },
    {"name" : "Viejo Jimani" },
    {"name" : "Alcoha" },
    {"name" : "Campo de Aviacion Nuevo" },
    {"name" : "Campo de Aviacion Viejo" },
    {"name" : "Centro de la Ciudad" },
    {"name" : "El Tanque" },
    {"name" : "Ines" },
    {"name" : "Jose Francisco Pea Gomez" },
    {"name" : "Las Flores" },
    {"name" : "Las Mercedes" },
    {"name" : "Los Altagracianos" },
    {"name" : "Los Cayucos" },
    {"name" : "Los Guayacanes" },
    {"name" : "Milital" },
    {"name" : "Miramar Nuevo" },
    {"name" : "Miramar Viejo" },
    {"name" : "Nicolas Feliz" },
    {"name" : "Savica" },
    {"name" : "Verde" },
    {"name" : "Villa Del Mar" },
    {"name" : "Barrio Coral Gissel" },
    {"name" : "Barrio de Oficiales E.n" },
    {"name" : "Barrio Desiderio Aria" },
    {"name" : "Barrio El Hatico" },
    {"name" : "Barrio El Tronco" },
    {"name" : "Barrio Enriquillo" },
    {"name" : "Barrio La Codal" },
    {"name" : "Barrio La Cuarenta" },
    {"name" : "Barrio La Hora de Dios" },
    {"name" : "Barrio Las " },
    {"name" : "Barrio Las Flores" },
    {"name" : "Barrio Las Flores" },
    {"name" : "Barrio Los Cayucos" },
    {"name" : "Barrio Los Medicos" },
    {"name" : "Barrio Maria Auxiliadora" },
    {"name" : "Barrio Militar" },
    {"name" : "Barrio Obras Publicas" },
    {"name" : "Barrio Pericles" },
    {"name" : "Barrio Rincon" },
    {"name" : "Barrio San Antonio" },
    {"name" : "Barriolos Cajuiles" },
    {"name" : "Bello Atardeser" },
    {"name" : "Brisa Del Norte" },
    {"name" : "Buenos Aires" },
    {"name" : "Caada de Piedra" },
    {"name" : "Centro de la Ciudad" },
    {"name" : "Cerro Marino" },
    {"name" : "El Aserradero" },
    {"name" : "El Batey" },
    {"name" : "Los Laureles" },
    {"name" : "Res. Los Querubines" },
    {"name" : "Villa Bogaert" },
    {"name" : "Villa Diego" },
    {"name" : "Villa Olimpica" },
    {"name" : "Yerba de Guinea" },
    {"name" : "Barrio La Manicera" },
    {"name" : "Barrio Alejandro Bueno" },
    {"name" : "Barrio Cambelen" },
    {"name" : "Barrio El Millon" },
    {"name" : "Barrio El Tamarindo" },
    {"name" : "Barrio La Joya" },
    {"name" : "Barrio Las Espinas" },
    {"name" : "Barrio Los Maestros" },
    {"name" : "Barrio Mejoramiento Social" },
    {"name" : "Barrio Simo" },
    {"name" : "Barriolas Flores" },
    {"name" : "Centro de la Ciudad" },
    {"name" : "Los Tomines" },
    {"name" : "Urb. Merien" },
    {"name" : "Villa Polin" },
    {"name" : "Altos de la Palomas" },
    {"name" : "Barrio Francisco Javier" },
    {"name" : "Barrio La Aviacion" },
    {"name" : "Barrio Las Flores" },
    {"name" : "Barrio Salomon Jorge" },
    {"name" : "Barrio San Fernando" },
    {"name" : "Barrio San Pedro" },
    {"name" : "Bella Vista" },
    {"name" : "Centro de la Ciudad" },
    {"name" : "Cerros de San Pedro" },
    {"name" : "Cristo Rey" },
    {"name" : "Guatapanal" },
    {"name" : "Las Colinas" },
    {"name" : "Los Angeles" },
    {"name" : "Los Jazmines" },
    {"name" : "Mejoramiento Social" },
    {"name" : "Salinas" },
    {"name" : "Barrio La Esperanza" },
    {"name" : "Barrio La Fe" },
    {"name" : "Barrio Militar" },
    {"name" : "Barrio Nuevo" },
    {"name" : "Barrio Benito Moncion" },
    {"name" : "Centro de la Ciudad" },
    {"name" : "Plaza Beller" },
    {"name" : "Mama Tingo" },
    {"name" : "Barrio La Ceja" }
        
]